feature_block,feature
all_features,autocall_barrier_above_par_pct
all_features,autocall_barrier_pct
all_features,autocall_to_protection_ratio
all_features,barrier_gap_pct
all_features,basket_complexity_score
all_features,basket_realized_vol_126d_max
all_features,basket_realized_vol_126d_mean
all_features,basket_realized_vol_21d_max
all_features,basket_realized_vol_21d_mean
all_features,basket_realized_vol_change_21d_max
all_features,basket_realized_vol_change_21d_mean
all_features,basket_realized_vol_trend_max
all_features,basket_realized_vol_trend_mean
all_features,basket_realized_vol_zscore_max
all_features,basket_realized_vol_zscore_mean
all_features,basket_signature
all_features,basket_size
all_features,basket_type
all_features,callable_maturity_months
all_features,counterparty
all_features,dominant_sector
all_features,estimated_observation_count
all_features,has_multiple_sectors
all_features,highest_realized_vol_underlying
all_features,highest_structural_vol_underlying
all_features,highest_vol_sector
all_features,implied_minus_realized_vol_mean
all_features,is_daily_observation
all_features,is_single_underlying
all_features,is_worst_of
all_features,log_notional_credits
all_features,lowest_realized_vol_underlying
all_features,lowest_structural_vol_underlying
all_features,no_call_fraction_of_maturity
all_features,no_call_observation_count
all_features,no_call_period_months
all_features,nominal_maturity_bucket
all_features,nominal_maturity_months
all_features,notional_credits
all_features,observation_frequency_clean
all_features,observation_interval_months
all_features,pair_BSKR_CLNE
all_features,pair_BSKR_CORL
all_features,pair_BSKR_DRC
all_features,pair_BSKR_HTTX
all_features,pair_BSKR_JEDI
all_features,pair_BSKR_KYBR
all_features,pair_BSKR_MNDO
all_features,pair_BSKR_NABO
all_features,pair_BSKR_POBK
all_features,pair_BSKR_REBL
all_features,pair_BSKR_SITH
all_features,pair_BSKR_TECH
all_features,pair_BSKR_WOOK
all_features,pair_CLNE_CORL
all_features,pair_CLNE_DRC
all_features,pair_CLNE_HTTX
all_features,pair_CLNE_JEDI
all_features,pair_CLNE_KYBR
all_features,pair_CLNE_MNDO
all_features,pair_CLNE_NABO
all_features,pair_CLNE_POBK
all_features,pair_CLNE_REBL
all_features,pair_CLNE_SITH
all_features,pair_CLNE_TECH
all_features,pair_CLNE_WOOK
all_features,pair_CORL_DRC
all_features,pair_CORL_HTTX
all_features,pair_CORL_JEDI
all_features,pair_CORL_KYBR
all_features,pair_CORL_MNDO
all_features,pair_CORL_NABO
all_features,pair_CORL_POBK
all_features,pair_CORL_REBL
all_features,pair_CORL_SITH
all_features,pair_CORL_TECH
all_features,pair_CORL_WOOK
all_features,pair_DRC_HTTX
all_features,pair_DRC_JEDI
all_features,pair_DRC_KYBR
all_features,pair_DRC_MNDO
all_features,pair_DRC_NABO
all_features,pair_DRC_POBK
all_features,pair_DRC_REBL
all_features,pair_DRC_SITH
all_features,pair_DRC_TECH
all_features,pair_DRC_WOOK
all_features,pair_HTTX_JEDI
all_features,pair_HTTX_KYBR
all_features,pair_HTTX_MNDO
all_features,pair_HTTX_NABO
all_features,pair_HTTX_POBK
all_features,pair_HTTX_REBL
all_features,pair_HTTX_SITH
all_features,pair_HTTX_TECH
all_features,pair_HTTX_WOOK
all_features,pair_JEDI_KYBR
all_features,pair_JEDI_MNDO
all_features,pair_JEDI_NABO
all_features,pair_JEDI_POBK
all_features,pair_JEDI_REBL
all_features,pair_JEDI_SITH
all_features,pair_JEDI_TECH
all_features,pair_JEDI_WOOK
all_features,pair_KYBR_MNDO
all_features,pair_KYBR_NABO
all_features,pair_KYBR_POBK
all_features,pair_KYBR_REBL
all_features,pair_KYBR_SITH
all_features,pair_KYBR_TECH
all_features,pair_KYBR_WOOK
all_features,pair_MNDO_NABO
all_features,pair_MNDO_POBK
all_features,pair_MNDO_REBL
all_features,pair_MNDO_SITH
all_features,pair_MNDO_TECH
all_features,pair_MNDO_WOOK
all_features,pair_NABO_POBK
all_features,pair_NABO_REBL
all_features,pair_NABO_SITH
all_features,pair_NABO_TECH
all_features,pair_NABO_WOOK
all_features,pair_POBK_REBL
all_features,pair_POBK_SITH
all_features,pair_POBK_TECH
all_features,pair_POBK_WOOK
all_features,pair_REBL_SITH
all_features,pair_REBL_TECH
all_features,pair_REBL_WOOK
all_features,pair_SITH_TECH
all_features,pair_SITH_WOOK
all_features,pair_TECH_WOOK
all_features,post_no_call_observation_count
all_features,primary_underlying
all_features,product_type
all_features,protection_barrier_pct
all_features,protection_buffer_pct
all_features,quoted_implied_vol
all_features,quoted_minus_structural_vol_mean
all_features,quoted_to_realized_vol_ratio
all_features,quoted_to_structural_vol_ratio
all_features,realized_minus_structural_vol_mean
all_features,realized_to_structural_vol_ratio
all_features,realized_vol_63d_max
all_features,realized_vol_63d_mean
all_features,realized_vol_63d_min
all_features,realized_vol_63d_range
all_features,realized_vol_63d_second_highest
all_features,realized_vol_63d_top2_spread
all_features,realized_vol_dispersion_ratio
all_features,requested_month
all_features,requested_quarter
all_features,requested_year
all_features,second_highest_realized_vol_underlying
all_features,second_highest_structural_vol_underlying
all_features,sector_concentration
all_features,sector_count
all_features,structural_base_vol_max
all_features,structural_base_vol_mean
all_features,structural_base_vol_min
all_features,structural_base_vol_range
all_features,structural_base_vol_second_highest
all_features,structural_base_vol_top2_spread
all_features,structural_vol_dispersion_ratio
all_features,trader_id
all_features,underlying_BSKR
all_features,underlying_CLNE
all_features,underlying_CORL
all_features,underlying_DRC
all_features,underlying_HTTX
all_features,underlying_JEDI
all_features,underlying_KYBR
all_features,underlying_MNDO
all_features,underlying_NABO
all_features,underlying_POBK
all_features,underlying_REBL
all_features,underlying_SITH
all_features,underlying_TECH
all_features,underlying_WOOK
all_features,worst_of_pressure
all_features,worst_of_realized_vol_63d_range
all_features,worst_of_realized_vol_top2_spread
all_features,worst_of_structural_base_vol_range
all_features,worst_of_structural_vol_top2_spread
all_features,worst_of_vol_pressure
all_without_commercial,autocall_barrier_above_par_pct
all_without_commercial,autocall_barrier_pct
all_without_commercial,autocall_to_protection_ratio
all_without_commercial,barrier_gap_pct
all_without_commercial,basket_complexity_score
all_without_commercial,basket_realized_vol_126d_max
all_without_commercial,basket_realized_vol_126d_mean
all_without_commercial,basket_realized_vol_21d_max
all_without_commercial,basket_realized_vol_21d_mean
all_without_commercial,basket_realized_vol_change_21d_max
all_without_commercial,basket_realized_vol_change_21d_mean
all_without_commercial,basket_realized_vol_trend_max
all_without_commercial,basket_realized_vol_trend_mean
all_without_commercial,basket_realized_vol_zscore_max
all_without_commercial,basket_realized_vol_zscore_mean
all_without_commercial,basket_signature
all_without_commercial,basket_size
all_without_commercial,basket_type
all_without_commercial,callable_maturity_months
all_without_commercial,dominant_sector
all_without_commercial,estimated_observation_count
all_without_commercial,has_multiple_sectors
all_without_commercial,highest_realized_vol_underlying
all_without_commercial,highest_structural_vol_underlying
all_without_commercial,highest_vol_sector
all_without_commercial,implied_minus_realized_vol_mean
all_without_commercial,is_daily_observation
all_without_commercial,is_single_underlying
all_without_commercial,is_worst_of
all_without_commercial,log_notional_credits
all_without_commercial,lowest_realized_vol_underlying
all_without_commercial,lowest_structural_vol_underlying
all_without_commercial,no_call_fraction_of_maturity
all_without_commercial,no_call_observation_count
all_without_commercial,no_call_period_months
all_without_commercial,nominal_maturity_bucket
all_without_commercial,nominal_maturity_months
all_without_commercial,notional_credits
all_without_commercial,observation_frequency_clean
all_without_commercial,observation_interval_months
all_without_commercial,pair_BSKR_CLNE
all_without_commercial,pair_BSKR_CORL
all_without_commercial,pair_BSKR_DRC
all_without_commercial,pair_BSKR_HTTX
all_without_commercial,pair_BSKR_JEDI
all_without_commercial,pair_BSKR_KYBR
all_without_commercial,pair_BSKR_MNDO
all_without_commercial,pair_BSKR_NABO
all_without_commercial,pair_BSKR_POBK
all_without_commercial,pair_BSKR_REBL
all_without_commercial,pair_BSKR_SITH
all_without_commercial,pair_BSKR_TECH
all_without_commercial,pair_BSKR_WOOK
all_without_commercial,pair_CLNE_CORL
all_without_commercial,pair_CLNE_DRC
all_without_commercial,pair_CLNE_HTTX
all_without_commercial,pair_CLNE_JEDI
all_without_commercial,pair_CLNE_KYBR
all_without_commercial,pair_CLNE_MNDO
all_without_commercial,pair_CLNE_NABO
all_without_commercial,pair_CLNE_POBK
all_without_commercial,pair_CLNE_REBL
all_without_commercial,pair_CLNE_SITH
all_without_commercial,pair_CLNE_TECH
all_without_commercial,pair_CLNE_WOOK
all_without_commercial,pair_CORL_DRC
all_without_commercial,pair_CORL_HTTX
all_without_commercial,pair_CORL_JEDI
all_without_commercial,pair_CORL_KYBR
all_without_commercial,pair_CORL_MNDO
all_without_commercial,pair_CORL_NABO
all_without_commercial,pair_CORL_POBK
all_without_commercial,pair_CORL_REBL
all_without_commercial,pair_CORL_SITH
all_without_commercial,pair_CORL_TECH
all_without_commercial,pair_CORL_WOOK
all_without_commercial,pair_DRC_HTTX
all_without_commercial,pair_DRC_JEDI
all_without_commercial,pair_DRC_KYBR
all_without_commercial,pair_DRC_MNDO
all_without_commercial,pair_DRC_NABO
all_without_commercial,pair_DRC_POBK
all_without_commercial,pair_DRC_REBL
all_without_commercial,pair_DRC_SITH
all_without_commercial,pair_DRC_TECH
all_without_commercial,pair_DRC_WOOK
all_without_commercial,pair_HTTX_JEDI
all_without_commercial,pair_HTTX_KYBR
all_without_commercial,pair_HTTX_MNDO
all_without_commercial,pair_HTTX_NABO
all_without_commercial,pair_HTTX_POBK
all_without_commercial,pair_HTTX_REBL
all_without_commercial,pair_HTTX_SITH
all_without_commercial,pair_HTTX_TECH
all_without_commercial,pair_HTTX_WOOK
all_without_commercial,pair_JEDI_KYBR
all_without_commercial,pair_JEDI_MNDO
all_without_commercial,pair_JEDI_NABO
all_without_commercial,pair_JEDI_POBK
all_without_commercial,pair_JEDI_REBL
all_without_commercial,pair_JEDI_SITH
all_without_commercial,pair_JEDI_TECH
all_without_commercial,pair_JEDI_WOOK
all_without_commercial,pair_KYBR_MNDO
all_without_commercial,pair_KYBR_NABO
all_without_commercial,pair_KYBR_POBK
all_without_commercial,pair_KYBR_REBL
all_without_commercial,pair_KYBR_SITH
all_without_commercial,pair_KYBR_TECH
all_without_commercial,pair_KYBR_WOOK
all_without_commercial,pair_MNDO_NABO
all_without_commercial,pair_MNDO_POBK
all_without_commercial,pair_MNDO_REBL
all_without_commercial,pair_MNDO_SITH
all_without_commercial,pair_MNDO_TECH
all_without_commercial,pair_MNDO_WOOK
all_without_commercial,pair_NABO_POBK
all_without_commercial,pair_NABO_REBL
all_without_commercial,pair_NABO_SITH
all_without_commercial,pair_NABO_TECH
all_without_commercial,pair_NABO_WOOK
all_without_commercial,pair_POBK_REBL
all_without_commercial,pair_POBK_SITH
all_without_commercial,pair_POBK_TECH
all_without_commercial,pair_POBK_WOOK
all_without_commercial,pair_REBL_SITH
all_without_commercial,pair_REBL_TECH
all_without_commercial,pair_REBL_WOOK
all_without_commercial,pair_SITH_TECH
all_without_commercial,pair_SITH_WOOK
all_without_commercial,pair_TECH_WOOK
all_without_commercial,post_no_call_observation_count
all_without_commercial,primary_underlying
all_without_commercial,product_type
all_without_commercial,protection_barrier_pct
all_without_commercial,protection_buffer_pct
all_without_commercial,quoted_implied_vol
all_without_commercial,quoted_minus_structural_vol_mean
all_without_commercial,quoted_to_realized_vol_ratio
all_without_commercial,quoted_to_structural_vol_ratio
all_without_commercial,realized_minus_structural_vol_mean
all_without_commercial,realized_to_structural_vol_ratio
all_without_commercial,realized_vol_63d_max
all_without_commercial,realized_vol_63d_mean
all_without_commercial,realized_vol_63d_min
all_without_commercial,realized_vol_63d_range
all_without_commercial,realized_vol_63d_second_highest
all_without_commercial,realized_vol_63d_top2_spread
all_without_commercial,realized_vol_dispersion_ratio
all_without_commercial,requested_month
all_without_commercial,requested_quarter
all_without_commercial,requested_year
all_without_commercial,second_highest_realized_vol_underlying
all_without_commercial,second_highest_structural_vol_underlying
all_without_commercial,sector_concentration
all_without_commercial,sector_count
all_without_commercial,structural_base_vol_max
all_without_commercial,structural_base_vol_mean
all_without_commercial,structural_base_vol_min
all_without_commercial,structural_base_vol_range
all_without_commercial,structural_base_vol_second_highest
all_without_commercial,structural_base_vol_top2_spread
all_without_commercial,structural_vol_dispersion_ratio
all_without_commercial,underlying_BSKR
all_without_commercial,underlying_CLNE
all_without_commercial,underlying_CORL
all_without_commercial,underlying_DRC
all_without_commercial,underlying_HTTX
all_without_commercial,underlying_JEDI
all_without_commercial,underlying_KYBR
all_without_commercial,underlying_MNDO
all_without_commercial,underlying_NABO
all_without_commercial,underlying_POBK
all_without_commercial,underlying_REBL
all_without_commercial,underlying_SITH
all_without_commercial,underlying_TECH
all_without_commercial,underlying_WOOK
all_without_commercial,worst_of_pressure
all_without_commercial,worst_of_realized_vol_63d_range
all_without_commercial,worst_of_realized_vol_top2_spread
all_without_commercial,worst_of_structural_base_vol_range
all_without_commercial,worst_of_structural_vol_top2_spread
all_without_commercial,worst_of_vol_pressure
all_without_noise,autocall_barrier_above_par_pct
all_without_noise,autocall_barrier_pct
all_without_noise,autocall_to_protection_ratio
all_without_noise,barrier_gap_pct
all_without_noise,basket_complexity_score
all_without_noise,basket_realized_vol_126d_max
all_without_noise,basket_realized_vol_126d_mean
all_without_noise,basket_realized_vol_21d_max
all_without_noise,basket_realized_vol_21d_mean
all_without_noise,basket_realized_vol_change_21d_max
all_without_noise,basket_realized_vol_change_21d_mean
all_without_noise,basket_realized_vol_trend_max
all_without_noise,basket_realized_vol_trend_mean
all_without_noise,basket_realized_vol_zscore_max
all_without_noise,basket_realized_vol_zscore_mean
all_without_noise,basket_signature
all_without_noise,basket_size
all_without_noise,basket_type
all_without_noise,callable_maturity_months
all_without_noise,dominant_sector
all_without_noise,estimated_observation_count
all_without_noise,has_multiple_sectors
all_without_noise,highest_realized_vol_underlying
all_without_noise,highest_structural_vol_underlying
all_without_noise,highest_vol_sector
all_without_noise,is_daily_observation
all_without_noise,is_single_underlying
all_without_noise,is_worst_of
all_without_noise,lowest_realized_vol_underlying
all_without_noise,lowest_structural_vol_underlying
all_without_noise,no_call_fraction_of_maturity
all_without_noise,no_call_period_months
all_without_noise,nominal_maturity_bucket
all_without_noise,nominal_maturity_months
all_without_noise,observation_frequency_clean
all_without_noise,observation_interval_months
all_without_noise,pair_BSKR_CLNE
all_without_noise,pair_BSKR_CORL
all_without_noise,pair_BSKR_DRC
all_without_noise,pair_BSKR_HTTX
all_without_noise,pair_BSKR_JEDI
all_without_noise,pair_BSKR_KYBR
all_without_noise,pair_BSKR_MNDO
all_without_noise,pair_BSKR_NABO
all_without_noise,pair_BSKR_POBK
all_without_noise,pair_BSKR_REBL
all_without_noise,pair_BSKR_SITH
all_without_noise,pair_BSKR_TECH
all_without_noise,pair_BSKR_WOOK
all_without_noise,pair_CLNE_CORL
all_without_noise,pair_CLNE_DRC
all_without_noise,pair_CLNE_HTTX
all_without_noise,pair_CLNE_JEDI
all_without_noise,pair_CLNE_KYBR
all_without_noise,pair_CLNE_MNDO
all_without_noise,pair_CLNE_NABO
all_without_noise,pair_CLNE_POBK
all_without_noise,pair_CLNE_REBL
all_without_noise,pair_CLNE_SITH
all_without_noise,pair_CLNE_TECH
all_without_noise,pair_CLNE_WOOK
all_without_noise,pair_CORL_DRC
all_without_noise,pair_CORL_HTTX
all_without_noise,pair_CORL_JEDI
all_without_noise,pair_CORL_KYBR
all_without_noise,pair_CORL_MNDO
all_without_noise,pair_CORL_NABO
all_without_noise,pair_CORL_POBK
all_without_noise,pair_CORL_REBL
all_without_noise,pair_CORL_SITH
all_without_noise,pair_CORL_TECH
all_without_noise,pair_CORL_WOOK
all_without_noise,pair_DRC_HTTX
all_without_noise,pair_DRC_JEDI
all_without_noise,pair_DRC_KYBR
all_without_noise,pair_DRC_MNDO
all_without_noise,pair_DRC_NABO
all_without_noise,pair_DRC_POBK
all_without_noise,pair_DRC_REBL
all_without_noise,pair_DRC_SITH
all_without_noise,pair_DRC_TECH
all_without_noise,pair_DRC_WOOK
all_without_noise,pair_HTTX_JEDI
all_without_noise,pair_HTTX_KYBR
all_without_noise,pair_HTTX_MNDO
all_without_noise,pair_HTTX_NABO
all_without_noise,pair_HTTX_POBK
all_without_noise,pair_HTTX_REBL
all_without_noise,pair_HTTX_SITH
all_without_noise,pair_HTTX_TECH
all_without_noise,pair_HTTX_WOOK
all_without_noise,pair_JEDI_KYBR
all_without_noise,pair_JEDI_MNDO
all_without_noise,pair_JEDI_NABO
all_without_noise,pair_JEDI_POBK
all_without_noise,pair_JEDI_REBL
all_without_noise,pair_JEDI_SITH
all_without_noise,pair_JEDI_TECH
all_without_noise,pair_JEDI_WOOK
all_without_noise,pair_KYBR_MNDO
all_without_noise,pair_KYBR_NABO
all_without_noise,pair_KYBR_POBK
all_without_noise,pair_KYBR_REBL
all_without_noise,pair_KYBR_SITH
all_without_noise,pair_KYBR_TECH
all_without_noise,pair_KYBR_WOOK
all_without_noise,pair_MNDO_NABO
all_without_noise,pair_MNDO_POBK
all_without_noise,pair_MNDO_REBL
all_without_noise,pair_MNDO_SITH
all_without_noise,pair_MNDO_TECH
all_without_noise,pair_MNDO_WOOK
all_without_noise,pair_NABO_POBK
all_without_noise,pair_NABO_REBL
all_without_noise,pair_NABO_SITH
all_without_noise,pair_NABO_TECH
all_without_noise,pair_NABO_WOOK
all_without_noise,pair_POBK_REBL
all_without_noise,pair_POBK_SITH
all_without_noise,pair_POBK_TECH
all_without_noise,pair_POBK_WOOK
all_without_noise,pair_REBL_SITH
all_without_noise,pair_REBL_TECH
all_without_noise,pair_REBL_WOOK
all_without_noise,pair_SITH_TECH
all_without_noise,pair_SITH_WOOK
all_without_noise,pair_TECH_WOOK
all_without_noise,post_no_call_observation_count
all_without_noise,primary_underlying
all_without_noise,product_type
all_without_noise,protection_barrier_pct
all_without_noise,protection_buffer_pct
all_without_noise,quoted_implied_vol
all_without_noise,realized_to_structural_vol_ratio
all_without_noise,realized_vol_63d_max
all_without_noise,realized_vol_63d_mean
all_without_noise,realized_vol_63d_min
all_without_noise,realized_vol_63d_range
all_without_noise,realized_vol_63d_second_highest
all_without_noise,realized_vol_63d_top2_spread
all_without_noise,realized_vol_dispersion_ratio
all_without_noise,requested_year
all_without_noise,second_highest_realized_vol_underlying
all_without_noise,second_highest_structural_vol_underlying
all_without_noise,sector_concentration
all_without_noise,sector_count
all_without_noise,structural_base_vol_max
all_without_noise,structural_base_vol_mean
all_without_noise,structural_base_vol_min
all_without_noise,structural_base_vol_range
all_without_noise,structural_base_vol_second_highest
all_without_noise,structural_base_vol_top2_spread
all_without_noise,structural_vol_dispersion_ratio
all_without_noise,underlying_BSKR
all_without_noise,underlying_CLNE
all_without_noise,underlying_CORL
all_without_noise,underlying_DRC
all_without_noise,underlying_HTTX
all_without_noise,underlying_JEDI
all_without_noise,underlying_KYBR
all_without_noise,underlying_MNDO
all_without_noise,underlying_NABO
all_without_noise,underlying_POBK
all_without_noise,underlying_REBL
all_without_noise,underlying_SITH
all_without_noise,underlying_TECH
all_without_noise,underlying_WOOK
all_without_noise,worst_of_pressure
all_without_noise,worst_of_realized_vol_63d_range
all_without_noise,worst_of_realized_vol_top2_spread
all_without_noise,worst_of_structural_base_vol_range
all_without_noise,worst_of_structural_vol_top2_spread
all_without_noise,worst_of_vol_pressure
basket,basket_complexity_score
basket,basket_signature
basket,basket_size
basket,dominant_sector
basket,has_multiple_sectors
basket,highest_realized_vol_underlying
basket,highest_structural_vol_underlying
basket,highest_vol_sector
basket,is_single_underlying
basket,is_worst_of
basket,lowest_realized_vol_underlying
basket,lowest_structural_vol_underlying
basket,pair_BSKR_CLNE
basket,pair_BSKR_CORL
basket,pair_BSKR_DRC
basket,pair_BSKR_HTTX
basket,pair_BSKR_JEDI
basket,pair_BSKR_KYBR
basket,pair_BSKR_MNDO
basket,pair_BSKR_NABO
basket,pair_BSKR_POBK
basket,pair_BSKR_REBL
basket,pair_BSKR_SITH
basket,pair_BSKR_TECH
basket,pair_BSKR_WOOK
basket,pair_CLNE_CORL
basket,pair_CLNE_DRC
basket,pair_CLNE_HTTX
basket,pair_CLNE_JEDI
basket,pair_CLNE_KYBR
basket,pair_CLNE_MNDO
basket,pair_CLNE_NABO
basket,pair_CLNE_POBK
basket,pair_CLNE_REBL
basket,pair_CLNE_SITH
basket,pair_CLNE_TECH
basket,pair_CLNE_WOOK
basket,pair_CORL_DRC
basket,pair_CORL_HTTX
basket,pair_CORL_JEDI
basket,pair_CORL_KYBR
basket,pair_CORL_MNDO
basket,pair_CORL_NABO
basket,pair_CORL_POBK
basket,pair_CORL_REBL
basket,pair_CORL_SITH
basket,pair_CORL_TECH
basket,pair_CORL_WOOK
basket,pair_DRC_HTTX
basket,pair_DRC_JEDI
basket,pair_DRC_KYBR
basket,pair_DRC_MNDO
basket,pair_DRC_NABO
basket,pair_DRC_POBK
basket,pair_DRC_REBL
basket,pair_DRC_SITH
basket,pair_DRC_TECH
basket,pair_DRC_WOOK
basket,pair_HTTX_JEDI
basket,pair_HTTX_KYBR
basket,pair_HTTX_MNDO
basket,pair_HTTX_NABO
basket,pair_HTTX_POBK
basket,pair_HTTX_REBL
basket,pair_HTTX_SITH
basket,pair_HTTX_TECH
basket,pair_HTTX_WOOK
basket,pair_JEDI_KYBR
basket,pair_JEDI_MNDO
basket,pair_JEDI_NABO
basket,pair_JEDI_POBK
basket,pair_JEDI_REBL
basket,pair_JEDI_SITH
basket,pair_JEDI_TECH
basket,pair_JEDI_WOOK
basket,pair_KYBR_MNDO
basket,pair_KYBR_NABO
basket,pair_KYBR_POBK
basket,pair_KYBR_REBL
basket,pair_KYBR_SITH
basket,pair_KYBR_TECH
basket,pair_KYBR_WOOK
basket,pair_MNDO_NABO
basket,pair_MNDO_POBK
basket,pair_MNDO_REBL
basket,pair_MNDO_SITH
basket,pair_MNDO_TECH
basket,pair_MNDO_WOOK
basket,pair_NABO_POBK
basket,pair_NABO_REBL
basket,pair_NABO_SITH
basket,pair_NABO_TECH
basket,pair_NABO_WOOK
basket,pair_POBK_REBL
basket,pair_POBK_SITH
basket,pair_POBK_TECH
basket,pair_POBK_WOOK
basket,pair_REBL_SITH
basket,pair_REBL_TECH
basket,pair_REBL_WOOK
basket,pair_SITH_TECH
basket,pair_SITH_WOOK
basket,pair_TECH_WOOK
basket,primary_underlying
basket,realized_vol_63d_second_highest
basket,realized_vol_63d_top2_spread
basket,second_highest_realized_vol_underlying
basket,second_highest_structural_vol_underlying
basket,sector_concentration
basket,sector_count
basket,structural_base_vol_max
basket,structural_base_vol_mean
basket,structural_base_vol_min
basket,structural_base_vol_range
basket,structural_base_vol_second_highest
basket,structural_base_vol_top2_spread
basket,structural_vol_dispersion_ratio
basket,underlying_BSKR
basket,underlying_CLNE
basket,underlying_CORL
basket,underlying_DRC
basket,underlying_HTTX
basket,underlying_JEDI
basket,underlying_KYBR
basket,underlying_MNDO
basket,underlying_NABO
basket,underlying_POBK
basket,underlying_REBL
basket,underlying_SITH
basket,underlying_TECH
basket,underlying_WOOK
basket,worst_of_pressure
basket,worst_of_realized_vol_63d_range
basket,worst_of_realized_vol_top2_spread
basket,worst_of_structural_base_vol_range
basket,worst_of_structural_vol_top2_spread
basket,worst_of_vol_pressure
commercial,counterparty
commercial,trader_id
compact_core,autocall_barrier_pct
compact_core,barrier_gap_pct
compact_core,basket_complexity_score
compact_core,basket_realized_vol_126d_mean
compact_core,basket_realized_vol_21d_mean
compact_core,basket_realized_vol_trend_mean
compact_core,basket_realized_vol_zscore_mean
compact_core,basket_size
compact_core,callable_maturity_months
compact_core,dominant_sector
compact_core,highest_vol_sector
compact_core,is_worst_of
compact_core,no_call_period_months
compact_core,nominal_maturity_months
compact_core,observation_frequency_clean
compact_core,observation_interval_months
compact_core,product_type
compact_core,protection_barrier_pct
compact_core,realized_vol_63d_max
compact_core,realized_vol_63d_min
compact_core,sector_concentration
compact_core,sector_count
compact_core,structural_base_vol_max
compact_core,structural_base_vol_min
compact_core,structural_base_vol_range
compact_core,structural_vol_dispersion_ratio
compact_core,worst_of_vol_pressure
contractual,autocall_barrier_above_par_pct
contractual,autocall_barrier_pct
contractual,autocall_to_protection_ratio
contractual,barrier_gap_pct
contractual,callable_maturity_months
contractual,estimated_observation_count
contractual,is_daily_observation
contractual,log_notional_credits
contractual,no_call_fraction_of_maturity
contractual,no_call_observation_count
contractual,no_call_period_months
contractual,nominal_maturity_months
contractual,notional_credits
contractual,observation_frequency_clean
contractual,observation_interval_months
contractual,post_no_call_observation_count
contractual,protection_barrier_pct
contractual,protection_buffer_pct
date,requested_month
date,requested_quarter
date,requested_year
global_all_underlying,autocall_barrier_above_par_pct
global_all_underlying,autocall_barrier_pct
global_all_underlying,autocall_to_protection_ratio
global_all_underlying,barrier_gap_pct
global_all_underlying,basket_complexity_score
global_all_underlying,basket_realized_vol_126d_max
global_all_underlying,basket_realized_vol_126d_mean
global_all_underlying,basket_realized_vol_21d_max
global_all_underlying,basket_realized_vol_21d_mean
global_all_underlying,basket_signature
global_all_underlying,basket_size
global_all_underlying,basket_type
global_all_underlying,callable_maturity_months
global_all_underlying,dominant_sector
global_all_underlying,estimated_observation_count
global_all_underlying,has_multiple_sectors
global_all_underlying,highest_realized_vol_underlying
global_all_underlying,highest_structural_vol_underlying
global_all_underlying,highest_vol_sector
global_all_underlying,is_daily_observation
global_all_underlying,is_single_underlying
global_all_underlying,is_worst_of
global_all_underlying,lowest_realized_vol_underlying
global_all_underlying,lowest_structural_vol_underlying
global_all_underlying,no_call_fraction_of_maturity
global_all_underlying,no_call_period_months
global_all_underlying,nominal_maturity_bucket
global_all_underlying,nominal_maturity_months
global_all_underlying,observation_frequency_clean
global_all_underlying,observation_interval_months
global_all_underlying,pair_BSKR_CLNE
global_all_underlying,pair_BSKR_CORL
global_all_underlying,pair_BSKR_DRC
global_all_underlying,pair_BSKR_HTTX
global_all_underlying,pair_BSKR_JEDI
global_all_underlying,pair_BSKR_KYBR
global_all_underlying,pair_BSKR_MNDO
global_all_underlying,pair_BSKR_NABO
global_all_underlying,pair_BSKR_POBK
global_all_underlying,pair_BSKR_REBL
global_all_underlying,pair_BSKR_SITH
global_all_underlying,pair_BSKR_TECH
global_all_underlying,pair_BSKR_WOOK
global_all_underlying,pair_CLNE_CORL
global_all_underlying,pair_CLNE_DRC
global_all_underlying,pair_CLNE_HTTX
global_all_underlying,pair_CLNE_JEDI
global_all_underlying,pair_CLNE_KYBR
global_all_underlying,pair_CLNE_MNDO
global_all_underlying,pair_CLNE_NABO
global_all_underlying,pair_CLNE_POBK
global_all_underlying,pair_CLNE_REBL
global_all_underlying,pair_CLNE_SITH
global_all_underlying,pair_CLNE_TECH
global_all_underlying,pair_CLNE_WOOK
global_all_underlying,pair_CORL_DRC
global_all_underlying,pair_CORL_HTTX
global_all_underlying,pair_CORL_JEDI
global_all_underlying,pair_CORL_KYBR
global_all_underlying,pair_CORL_MNDO
global_all_underlying,pair_CORL_NABO
global_all_underlying,pair_CORL_POBK
global_all_underlying,pair_CORL_REBL
global_all_underlying,pair_CORL_SITH
global_all_underlying,pair_CORL_TECH
global_all_underlying,pair_CORL_WOOK
global_all_underlying,pair_DRC_HTTX
global_all_underlying,pair_DRC_JEDI
global_all_underlying,pair_DRC_KYBR
global_all_underlying,pair_DRC_MNDO
global_all_underlying,pair_DRC_NABO
global_all_underlying,pair_DRC_POBK
global_all_underlying,pair_DRC_REBL
global_all_underlying,pair_DRC_SITH
global_all_underlying,pair_DRC_TECH
global_all_underlying,pair_DRC_WOOK
global_all_underlying,pair_HTTX_JEDI
global_all_underlying,pair_HTTX_KYBR
global_all_underlying,pair_HTTX_MNDO
global_all_underlying,pair_HTTX_NABO
global_all_underlying,pair_HTTX_POBK
global_all_underlying,pair_HTTX_REBL
global_all_underlying,pair_HTTX_SITH
global_all_underlying,pair_HTTX_TECH
global_all_underlying,pair_HTTX_WOOK
global_all_underlying,pair_JEDI_KYBR
global_all_underlying,pair_JEDI_MNDO
global_all_underlying,pair_JEDI_NABO
global_all_underlying,pair_JEDI_POBK
global_all_underlying,pair_JEDI_REBL
global_all_underlying,pair_JEDI_SITH
global_all_underlying,pair_JEDI_TECH
global_all_underlying,pair_JEDI_WOOK
global_all_underlying,pair_KYBR_MNDO
global_all_underlying,pair_KYBR_NABO
global_all_underlying,pair_KYBR_POBK
global_all_underlying,pair_KYBR_REBL
global_all_underlying,pair_KYBR_SITH
global_all_underlying,pair_KYBR_TECH
global_all_underlying,pair_KYBR_WOOK
global_all_underlying,pair_MNDO_NABO
global_all_underlying,pair_MNDO_POBK
global_all_underlying,pair_MNDO_REBL
global_all_underlying,pair_MNDO_SITH
global_all_underlying,pair_MNDO_TECH
global_all_underlying,pair_MNDO_WOOK
global_all_underlying,pair_NABO_POBK
global_all_underlying,pair_NABO_REBL
global_all_underlying,pair_NABO_SITH
global_all_underlying,pair_NABO_TECH
global_all_underlying,pair_NABO_WOOK
global_all_underlying,pair_POBK_REBL
global_all_underlying,pair_POBK_SITH
global_all_underlying,pair_POBK_TECH
global_all_underlying,pair_POBK_WOOK
global_all_underlying,pair_REBL_SITH
global_all_underlying,pair_REBL_TECH
global_all_underlying,pair_REBL_WOOK
global_all_underlying,pair_SITH_TECH
global_all_underlying,pair_SITH_WOOK
global_all_underlying,pair_TECH_WOOK
global_all_underlying,primary_underlying
global_all_underlying,product_type
global_all_underlying,protection_barrier_pct
global_all_underlying,protection_buffer_pct
global_all_underlying,quoted_implied_vol
global_all_underlying,realized_vol_63d_max
global_all_underlying,realized_vol_63d_mean
global_all_underlying,realized_vol_63d_min
global_all_underlying,realized_vol_63d_range
global_all_underlying,realized_vol_63d_second_highest
global_all_underlying,realized_vol_63d_top2_spread
global_all_underlying,second_highest_realized_vol_underlying
global_all_underlying,second_highest_structural_vol_underlying
global_all_underlying,sector_concentration
global_all_underlying,sector_count
global_all_underlying,structural_base_vol_max
global_all_underlying,structural_base_vol_mean
global_all_underlying,structural_base_vol_min
global_all_underlying,structural_base_vol_range
global_all_underlying,structural_base_vol_second_highest
global_all_underlying,structural_base_vol_top2_spread
global_all_underlying,structural_vol_dispersion_ratio
global_all_underlying,underlying_BSKR
global_all_underlying,underlying_CLNE
global_all_underlying,underlying_CORL
global_all_underlying,underlying_DRC
global_all_underlying,underlying_HTTX
global_all_underlying,underlying_JEDI
global_all_underlying,underlying_KYBR
global_all_underlying,underlying_MNDO
global_all_underlying,underlying_NABO
global_all_underlying,underlying_POBK
global_all_underlying,underlying_REBL
global_all_underlying,underlying_SITH
global_all_underlying,underlying_TECH
global_all_underlying,underlying_WOOK
global_all_underlying,worst_of_pressure
global_all_underlying,worst_of_realized_vol_63d_range
global_all_underlying,worst_of_realized_vol_top2_spread
global_all_underlying,worst_of_structural_base_vol_range
global_all_underlying,worst_of_structural_vol_top2_spread
global_all_underlying,worst_of_vol_pressure
global_risk_underlying,autocall_barrier_above_par_pct
global_risk_underlying,autocall_barrier_pct
global_risk_underlying,autocall_to_protection_ratio
global_risk_underlying,barrier_gap_pct
global_risk_underlying,basket_complexity_score
global_risk_underlying,basket_realized_vol_126d_max
global_risk_underlying,basket_realized_vol_126d_mean
global_risk_underlying,basket_realized_vol_21d_max
global_risk_underlying,basket_realized_vol_21d_mean
global_risk_underlying,basket_signature
global_risk_underlying,basket_size
global_risk_underlying,basket_type
global_risk_underlying,callable_maturity_months
global_risk_underlying,dominant_sector
global_risk_underlying,estimated_observation_count
global_risk_underlying,has_multiple_sectors
global_risk_underlying,highest_realized_vol_underlying
global_risk_underlying,highest_structural_vol_underlying
global_risk_underlying,highest_vol_sector
global_risk_underlying,is_daily_observation
global_risk_underlying,is_single_underlying
global_risk_underlying,is_worst_of
global_risk_underlying,lowest_realized_vol_underlying
global_risk_underlying,lowest_structural_vol_underlying
global_risk_underlying,no_call_fraction_of_maturity
global_risk_underlying,no_call_period_months
global_risk_underlying,nominal_maturity_bucket
global_risk_underlying,nominal_maturity_months
global_risk_underlying,observation_frequency_clean
global_risk_underlying,observation_interval_months
global_risk_underlying,pair_BSKR_CLNE
global_risk_underlying,pair_BSKR_CORL
global_risk_underlying,pair_BSKR_DRC
global_risk_underlying,pair_BSKR_HTTX
global_risk_underlying,pair_BSKR_JEDI
global_risk_underlying,pair_BSKR_KYBR
global_risk_underlying,pair_BSKR_MNDO
global_risk_underlying,pair_BSKR_NABO
global_risk_underlying,pair_BSKR_POBK
global_risk_underlying,pair_BSKR_REBL
global_risk_underlying,pair_BSKR_SITH
global_risk_underlying,pair_BSKR_TECH
global_risk_underlying,pair_BSKR_WOOK
global_risk_underlying,pair_CLNE_CORL
global_risk_underlying,pair_CLNE_DRC
global_risk_underlying,pair_CLNE_HTTX
global_risk_underlying,pair_CLNE_JEDI
global_risk_underlying,pair_CLNE_KYBR
global_risk_underlying,pair_CLNE_MNDO
global_risk_underlying,pair_CLNE_NABO
global_risk_underlying,pair_CLNE_POBK
global_risk_underlying,pair_CLNE_REBL
global_risk_underlying,pair_CLNE_SITH
global_risk_underlying,pair_CLNE_TECH
global_risk_underlying,pair_CLNE_WOOK
global_risk_underlying,pair_CORL_DRC
global_risk_underlying,pair_CORL_HTTX
global_risk_underlying,pair_CORL_JEDI
global_risk_underlying,pair_CORL_KYBR
global_risk_underlying,pair_CORL_MNDO
global_risk_underlying,pair_CORL_NABO
global_risk_underlying,pair_CORL_POBK
global_risk_underlying,pair_CORL_REBL
global_risk_underlying,pair_CORL_SITH
global_risk_underlying,pair_CORL_TECH
global_risk_underlying,pair_CORL_WOOK
global_risk_underlying,pair_DRC_HTTX
global_risk_underlying,pair_DRC_JEDI
global_risk_underlying,pair_DRC_KYBR
global_risk_underlying,pair_DRC_MNDO
global_risk_underlying,pair_DRC_NABO
global_risk_underlying,pair_DRC_POBK
global_risk_underlying,pair_DRC_REBL
global_risk_underlying,pair_DRC_SITH
global_risk_underlying,pair_DRC_TECH
global_risk_underlying,pair_DRC_WOOK
global_risk_underlying,pair_HTTX_JEDI
global_risk_underlying,pair_HTTX_KYBR
global_risk_underlying,pair_HTTX_MNDO
global_risk_underlying,pair_HTTX_NABO
global_risk_underlying,pair_HTTX_POBK
global_risk_underlying,pair_HTTX_REBL
global_risk_underlying,pair_HTTX_SITH
global_risk_underlying,pair_HTTX_TECH
global_risk_underlying,pair_HTTX_WOOK
global_risk_underlying,pair_JEDI_KYBR
global_risk_underlying,pair_JEDI_MNDO
global_risk_underlying,pair_JEDI_NABO
global_risk_underlying,pair_JEDI_POBK
global_risk_underlying,pair_JEDI_REBL
global_risk_underlying,pair_JEDI_SITH
global_risk_underlying,pair_JEDI_TECH
global_risk_underlying,pair_JEDI_WOOK
global_risk_underlying,pair_KYBR_MNDO
global_risk_underlying,pair_KYBR_NABO
global_risk_underlying,pair_KYBR_POBK
global_risk_underlying,pair_KYBR_REBL
global_risk_underlying,pair_KYBR_SITH
global_risk_underlying,pair_KYBR_TECH
global_risk_underlying,pair_KYBR_WOOK
global_risk_underlying,pair_MNDO_NABO
global_risk_underlying,pair_MNDO_POBK
global_risk_underlying,pair_MNDO_REBL
global_risk_underlying,pair_MNDO_SITH
global_risk_underlying,pair_MNDO_TECH
global_risk_underlying,pair_MNDO_WOOK
global_risk_underlying,pair_NABO_POBK
global_risk_underlying,pair_NABO_REBL
global_risk_underlying,pair_NABO_SITH
global_risk_underlying,pair_NABO_TECH
global_risk_underlying,pair_NABO_WOOK
global_risk_underlying,pair_POBK_REBL
global_risk_underlying,pair_POBK_SITH
global_risk_underlying,pair_POBK_TECH
global_risk_underlying,pair_POBK_WOOK
global_risk_underlying,pair_REBL_SITH
global_risk_underlying,pair_REBL_TECH
global_risk_underlying,pair_REBL_WOOK
global_risk_underlying,pair_SITH_TECH
global_risk_underlying,pair_SITH_WOOK
global_risk_underlying,pair_TECH_WOOK
global_risk_underlying,primary_underlying
global_risk_underlying,product_type
global_risk_underlying,protection_barrier_pct
global_risk_underlying,protection_buffer_pct
global_risk_underlying,quoted_implied_vol
global_risk_underlying,realized_vol_63d_max
global_risk_underlying,realized_vol_63d_mean
global_risk_underlying,realized_vol_63d_min
global_risk_underlying,realized_vol_63d_range
global_risk_underlying,realized_vol_63d_second_highest
global_risk_underlying,realized_vol_63d_top2_spread
global_risk_underlying,second_highest_realized_vol_underlying
global_risk_underlying,second_highest_structural_vol_underlying
global_risk_underlying,sector_concentration
global_risk_underlying,sector_count
global_risk_underlying,structural_base_vol_max
global_risk_underlying,structural_base_vol_mean
global_risk_underlying,structural_base_vol_min
global_risk_underlying,structural_base_vol_range
global_risk_underlying,structural_base_vol_second_highest
global_risk_underlying,structural_base_vol_top2_spread
global_risk_underlying,structural_vol_dispersion_ratio
global_risk_underlying,underlying_BSKR
global_risk_underlying,underlying_CLNE
global_risk_underlying,underlying_CORL
global_risk_underlying,underlying_DRC
global_risk_underlying,underlying_HTTX
global_risk_underlying,underlying_JEDI
global_risk_underlying,underlying_KYBR
global_risk_underlying,underlying_MNDO
global_risk_underlying,underlying_NABO
global_risk_underlying,underlying_POBK
global_risk_underlying,underlying_REBL
global_risk_underlying,underlying_SITH
global_risk_underlying,underlying_TECH
global_risk_underlying,underlying_WOOK
global_risk_underlying,worst_of_pressure
global_risk_underlying,worst_of_realized_vol_63d_range
global_risk_underlying,worst_of_realized_vol_top2_spread
global_risk_underlying,worst_of_structural_base_vol_range
global_risk_underlying,worst_of_structural_vol_top2_spread
global_risk_underlying,worst_of_vol_pressure
global_stable,autocall_barrier_above_par_pct
global_stable,autocall_barrier_pct
global_stable,autocall_to_protection_ratio
global_stable,barrier_gap_pct
global_stable,basket_complexity_score
global_stable,basket_realized_vol_126d_max
global_stable,basket_realized_vol_126d_mean
global_stable,basket_realized_vol_21d_max
global_stable,basket_realized_vol_21d_mean
global_stable,basket_signature
global_stable,basket_size
global_stable,basket_type
global_stable,callable_maturity_months
global_stable,dominant_sector
global_stable,estimated_observation_count
global_stable,has_multiple_sectors
global_stable,highest_realized_vol_underlying
global_stable,highest_structural_vol_underlying
global_stable,highest_vol_sector
global_stable,is_daily_observation
global_stable,is_single_underlying
global_stable,is_worst_of
global_stable,lowest_realized_vol_underlying
global_stable,lowest_structural_vol_underlying
global_stable,no_call_fraction_of_maturity
global_stable,no_call_period_months
global_stable,nominal_maturity_bucket
global_stable,nominal_maturity_months
global_stable,observation_frequency_clean
global_stable,observation_interval_months
global_stable,pair_BSKR_CLNE
global_stable,pair_BSKR_CORL
global_stable,pair_BSKR_DRC
global_stable,pair_BSKR_HTTX
global_stable,pair_BSKR_JEDI
global_stable,pair_BSKR_KYBR
global_stable,pair_BSKR_MNDO
global_stable,pair_BSKR_NABO
global_stable,pair_BSKR_POBK
global_stable,pair_BSKR_REBL
global_stable,pair_BSKR_SITH
global_stable,pair_BSKR_TECH
global_stable,pair_BSKR_WOOK
global_stable,pair_CLNE_CORL
global_stable,pair_CLNE_DRC
global_stable,pair_CLNE_HTTX
global_stable,pair_CLNE_JEDI
global_stable,pair_CLNE_KYBR
global_stable,pair_CLNE_MNDO
global_stable,pair_CLNE_NABO
global_stable,pair_CLNE_POBK
global_stable,pair_CLNE_REBL
global_stable,pair_CLNE_SITH
global_stable,pair_CLNE_TECH
global_stable,pair_CLNE_WOOK
global_stable,pair_CORL_DRC
global_stable,pair_CORL_HTTX
global_stable,pair_CORL_JEDI
global_stable,pair_CORL_KYBR
global_stable,pair_CORL_MNDO
global_stable,pair_CORL_NABO
global_stable,pair_CORL_POBK
global_stable,pair_CORL_REBL
global_stable,pair_CORL_SITH
global_stable,pair_CORL_TECH
global_stable,pair_CORL_WOOK
global_stable,pair_DRC_HTTX
global_stable,pair_DRC_JEDI
global_stable,pair_DRC_KYBR
global_stable,pair_DRC_MNDO
global_stable,pair_DRC_NABO
global_stable,pair_DRC_POBK
global_stable,pair_DRC_REBL
global_stable,pair_DRC_SITH
global_stable,pair_DRC_TECH
global_stable,pair_DRC_WOOK
global_stable,pair_HTTX_JEDI
global_stable,pair_HTTX_KYBR
global_stable,pair_HTTX_MNDO
global_stable,pair_HTTX_NABO
global_stable,pair_HTTX_POBK
global_stable,pair_HTTX_REBL
global_stable,pair_HTTX_SITH
global_stable,pair_HTTX_TECH
global_stable,pair_HTTX_WOOK
global_stable,pair_JEDI_KYBR
global_stable,pair_JEDI_MNDO
global_stable,pair_JEDI_NABO
global_stable,pair_JEDI_POBK
global_stable,pair_JEDI_REBL
global_stable,pair_JEDI_SITH
global_stable,pair_JEDI_TECH
global_stable,pair_JEDI_WOOK
global_stable,pair_KYBR_MNDO
global_stable,pair_KYBR_NABO
global_stable,pair_KYBR_POBK
global_stable,pair_KYBR_REBL
global_stable,pair_KYBR_SITH
global_stable,pair_KYBR_TECH
global_stable,pair_KYBR_WOOK
global_stable,pair_MNDO_NABO
global_stable,pair_MNDO_POBK
global_stable,pair_MNDO_REBL
global_stable,pair_MNDO_SITH
global_stable,pair_MNDO_TECH
global_stable,pair_MNDO_WOOK
global_stable,pair_NABO_POBK
global_stable,pair_NABO_REBL
global_stable,pair_NABO_SITH
global_stable,pair_NABO_TECH
global_stable,pair_NABO_WOOK
global_stable,pair_POBK_REBL
global_stable,pair_POBK_SITH
global_stable,pair_POBK_TECH
global_stable,pair_POBK_WOOK
global_stable,pair_REBL_SITH
global_stable,pair_REBL_TECH
global_stable,pair_REBL_WOOK
global_stable,pair_SITH_TECH
global_stable,pair_SITH_WOOK
global_stable,pair_TECH_WOOK
global_stable,primary_underlying
global_stable,product_type
global_stable,protection_barrier_pct
global_stable,protection_buffer_pct
global_stable,quoted_implied_vol
global_stable,realized_vol_63d_max
global_stable,realized_vol_63d_mean
global_stable,realized_vol_63d_min
global_stable,realized_vol_63d_range
global_stable,realized_vol_63d_second_highest
global_stable,realized_vol_63d_top2_spread
global_stable,second_highest_realized_vol_underlying
global_stable,second_highest_structural_vol_underlying
global_stable,sector_concentration
global_stable,sector_count
global_stable,structural_base_vol_max
global_stable,structural_base_vol_mean
global_stable,structural_base_vol_min
global_stable,structural_base_vol_range
global_stable,structural_base_vol_second_highest
global_stable,structural_base_vol_top2_spread
global_stable,structural_vol_dispersion_ratio
global_stable,underlying_BSKR
global_stable,underlying_CLNE
global_stable,underlying_CORL
global_stable,underlying_DRC
global_stable,underlying_HTTX
global_stable,underlying_JEDI
global_stable,underlying_KYBR
global_stable,underlying_MNDO
global_stable,underlying_NABO
global_stable,underlying_POBK
global_stable,underlying_REBL
global_stable,underlying_SITH
global_stable,underlying_TECH
global_stable,underlying_WOOK
global_stable,worst_of_pressure
global_stable,worst_of_realized_vol_63d_range
global_stable,worst_of_realized_vol_top2_spread
global_stable,worst_of_structural_base_vol_range
global_stable,worst_of_structural_vol_top2_spread
global_stable,worst_of_vol_pressure
global_stable_no_sector,autocall_barrier_above_par_pct
global_stable_no_sector,autocall_barrier_pct
global_stable_no_sector,autocall_to_protection_ratio
global_stable_no_sector,barrier_gap_pct
global_stable_no_sector,basket_complexity_score
global_stable_no_sector,basket_realized_vol_126d_max
global_stable_no_sector,basket_realized_vol_126d_mean
global_stable_no_sector,basket_realized_vol_21d_max
global_stable_no_sector,basket_realized_vol_21d_mean
global_stable_no_sector,basket_signature
global_stable_no_sector,basket_size
global_stable_no_sector,basket_type
global_stable_no_sector,callable_maturity_months
global_stable_no_sector,estimated_observation_count
global_stable_no_sector,has_multiple_sectors
global_stable_no_sector,highest_realized_vol_underlying
global_stable_no_sector,highest_structural_vol_underlying
global_stable_no_sector,is_daily_observation
global_stable_no_sector,is_single_underlying
global_stable_no_sector,is_worst_of
global_stable_no_sector,lowest_realized_vol_underlying
global_stable_no_sector,lowest_structural_vol_underlying
global_stable_no_sector,no_call_fraction_of_maturity
global_stable_no_sector,no_call_period_months
global_stable_no_sector,nominal_maturity_bucket
global_stable_no_sector,nominal_maturity_months
global_stable_no_sector,observation_frequency_clean
global_stable_no_sector,observation_interval_months
global_stable_no_sector,pair_BSKR_CLNE
global_stable_no_sector,pair_BSKR_CORL
global_stable_no_sector,pair_BSKR_DRC
global_stable_no_sector,pair_BSKR_HTTX
global_stable_no_sector,pair_BSKR_JEDI
global_stable_no_sector,pair_BSKR_KYBR
global_stable_no_sector,pair_BSKR_MNDO
global_stable_no_sector,pair_BSKR_NABO
global_stable_no_sector,pair_BSKR_POBK
global_stable_no_sector,pair_BSKR_REBL
global_stable_no_sector,pair_BSKR_SITH
global_stable_no_sector,pair_BSKR_TECH
global_stable_no_sector,pair_BSKR_WOOK
global_stable_no_sector,pair_CLNE_CORL
global_stable_no_sector,pair_CLNE_DRC
global_stable_no_sector,pair_CLNE_HTTX
global_stable_no_sector,pair_CLNE_JEDI
global_stable_no_sector,pair_CLNE_KYBR
global_stable_no_sector,pair_CLNE_MNDO
global_stable_no_sector,pair_CLNE_NABO
global_stable_no_sector,pair_CLNE_POBK
global_stable_no_sector,pair_CLNE_REBL
global_stable_no_sector,pair_CLNE_SITH
global_stable_no_sector,pair_CLNE_TECH
global_stable_no_sector,pair_CLNE_WOOK
global_stable_no_sector,pair_CORL_DRC
global_stable_no_sector,pair_CORL_HTTX
global_stable_no_sector,pair_CORL_JEDI
global_stable_no_sector,pair_CORL_KYBR
global_stable_no_sector,pair_CORL_MNDO
global_stable_no_sector,pair_CORL_NABO
global_stable_no_sector,pair_CORL_POBK
global_stable_no_sector,pair_CORL_REBL
global_stable_no_sector,pair_CORL_SITH
global_stable_no_sector,pair_CORL_TECH
global_stable_no_sector,pair_CORL_WOOK
global_stable_no_sector,pair_DRC_HTTX
global_stable_no_sector,pair_DRC_JEDI
global_stable_no_sector,pair_DRC_KYBR
global_stable_no_sector,pair_DRC_MNDO
global_stable_no_sector,pair_DRC_NABO
global_stable_no_sector,pair_DRC_POBK
global_stable_no_sector,pair_DRC_REBL
global_stable_no_sector,pair_DRC_SITH
global_stable_no_sector,pair_DRC_TECH
global_stable_no_sector,pair_DRC_WOOK
global_stable_no_sector,pair_HTTX_JEDI
global_stable_no_sector,pair_HTTX_KYBR
global_stable_no_sector,pair_HTTX_MNDO
global_stable_no_sector,pair_HTTX_NABO
global_stable_no_sector,pair_HTTX_POBK
global_stable_no_sector,pair_HTTX_REBL
global_stable_no_sector,pair_HTTX_SITH
global_stable_no_sector,pair_HTTX_TECH
global_stable_no_sector,pair_HTTX_WOOK
global_stable_no_sector,pair_JEDI_KYBR
global_stable_no_sector,pair_JEDI_MNDO
global_stable_no_sector,pair_JEDI_NABO
global_stable_no_sector,pair_JEDI_POBK
global_stable_no_sector,pair_JEDI_REBL
global_stable_no_sector,pair_JEDI_SITH
global_stable_no_sector,pair_JEDI_TECH
global_stable_no_sector,pair_JEDI_WOOK
global_stable_no_sector,pair_KYBR_MNDO
global_stable_no_sector,pair_KYBR_NABO
global_stable_no_sector,pair_KYBR_POBK
global_stable_no_sector,pair_KYBR_REBL
global_stable_no_sector,pair_KYBR_SITH
global_stable_no_sector,pair_KYBR_TECH
global_stable_no_sector,pair_KYBR_WOOK
global_stable_no_sector,pair_MNDO_NABO
global_stable_no_sector,pair_MNDO_POBK
global_stable_no_sector,pair_MNDO_REBL
global_stable_no_sector,pair_MNDO_SITH
global_stable_no_sector,pair_MNDO_TECH
global_stable_no_sector,pair_MNDO_WOOK
global_stable_no_sector,pair_NABO_POBK
global_stable_no_sector,pair_NABO_REBL
global_stable_no_sector,pair_NABO_SITH
global_stable_no_sector,pair_NABO_TECH
global_stable_no_sector,pair_NABO_WOOK
global_stable_no_sector,pair_POBK_REBL
global_stable_no_sector,pair_POBK_SITH
global_stable_no_sector,pair_POBK_TECH
global_stable_no_sector,pair_POBK_WOOK
global_stable_no_sector,pair_REBL_SITH
global_stable_no_sector,pair_REBL_TECH
global_stable_no_sector,pair_REBL_WOOK
global_stable_no_sector,pair_SITH_TECH
global_stable_no_sector,pair_SITH_WOOK
global_stable_no_sector,pair_TECH_WOOK
global_stable_no_sector,primary_underlying
global_stable_no_sector,product_type
global_stable_no_sector,protection_barrier_pct
global_stable_no_sector,protection_buffer_pct
global_stable_no_sector,quoted_implied_vol
global_stable_no_sector,realized_vol_63d_max
global_stable_no_sector,realized_vol_63d_mean
global_stable_no_sector,realized_vol_63d_min
global_stable_no_sector,realized_vol_63d_range
global_stable_no_sector,realized_vol_63d_second_highest
global_stable_no_sector,realized_vol_63d_top2_spread
global_stable_no_sector,second_highest_realized_vol_underlying
global_stable_no_sector,second_highest_structural_vol_underlying
global_stable_no_sector,sector_concentration
global_stable_no_sector,sector_count
global_stable_no_sector,structural_base_vol_max
global_stable_no_sector,structural_base_vol_mean
global_stable_no_sector,structural_base_vol_min
global_stable_no_sector,structural_base_vol_range
global_stable_no_sector,structural_base_vol_second_highest
global_stable_no_sector,structural_base_vol_top2_spread
global_stable_no_sector,structural_vol_dispersion_ratio
global_stable_no_sector,underlying_BSKR
global_stable_no_sector,underlying_CLNE
global_stable_no_sector,underlying_CORL
global_stable_no_sector,underlying_DRC
global_stable_no_sector,underlying_HTTX
global_stable_no_sector,underlying_JEDI
global_stable_no_sector,underlying_KYBR
global_stable_no_sector,underlying_MNDO
global_stable_no_sector,underlying_NABO
global_stable_no_sector,underlying_POBK
global_stable_no_sector,underlying_REBL
global_stable_no_sector,underlying_SITH
global_stable_no_sector,underlying_TECH
global_stable_no_sector,underlying_WOOK
global_stable_no_sector,worst_of_pressure
global_stable_no_sector,worst_of_realized_vol_63d_range
global_stable_no_sector,worst_of_realized_vol_top2_spread
global_stable_no_sector,worst_of_structural_base_vol_range
global_stable_no_sector,worst_of_structural_vol_top2_spread
global_stable_no_sector,worst_of_vol_pressure
global_stable_tail,autocall_barrier_above_par_pct
global_stable_tail,autocall_barrier_pct
global_stable_tail,autocall_to_protection_ratio
global_stable_tail,barrier_gap_pct
global_stable_tail,basket_complexity_score
global_stable_tail,basket_realized_vol_126d_max
global_stable_tail,basket_realized_vol_21d_max
global_stable_tail,basket_signature
global_stable_tail,basket_size
global_stable_tail,basket_type
global_stable_tail,callable_maturity_months
global_stable_tail,dominant_sector
global_stable_tail,estimated_observation_count
global_stable_tail,has_multiple_sectors
global_stable_tail,highest_realized_vol_underlying
global_stable_tail,highest_structural_vol_underlying
global_stable_tail,highest_vol_sector
global_stable_tail,is_daily_observation
global_stable_tail,is_single_underlying
global_stable_tail,is_worst_of
global_stable_tail,lowest_realized_vol_underlying
global_stable_tail,lowest_structural_vol_underlying
global_stable_tail,no_call_fraction_of_maturity
global_stable_tail,no_call_period_months
global_stable_tail,nominal_maturity_bucket
global_stable_tail,nominal_maturity_months
global_stable_tail,observation_frequency_clean
global_stable_tail,observation_interval_months
global_stable_tail,pair_BSKR_CLNE
global_stable_tail,pair_BSKR_CORL
global_stable_tail,pair_BSKR_DRC
global_stable_tail,pair_BSKR_HTTX
global_stable_tail,pair_BSKR_JEDI
global_stable_tail,pair_BSKR_KYBR
global_stable_tail,pair_BSKR_MNDO
global_stable_tail,pair_BSKR_NABO
global_stable_tail,pair_BSKR_POBK
global_stable_tail,pair_BSKR_REBL
global_stable_tail,pair_BSKR_SITH
global_stable_tail,pair_BSKR_TECH
global_stable_tail,pair_BSKR_WOOK
global_stable_tail,pair_CLNE_CORL
global_stable_tail,pair_CLNE_DRC
global_stable_tail,pair_CLNE_HTTX
global_stable_tail,pair_CLNE_JEDI
global_stable_tail,pair_CLNE_KYBR
global_stable_tail,pair_CLNE_MNDO
global_stable_tail,pair_CLNE_NABO
global_stable_tail,pair_CLNE_POBK
global_stable_tail,pair_CLNE_REBL
global_stable_tail,pair_CLNE_SITH
global_stable_tail,pair_CLNE_TECH
global_stable_tail,pair_CLNE_WOOK
global_stable_tail,pair_CORL_DRC
global_stable_tail,pair_CORL_HTTX
global_stable_tail,pair_CORL_JEDI
global_stable_tail,pair_CORL_KYBR
global_stable_tail,pair_CORL_MNDO
global_stable_tail,pair_CORL_NABO
global_stable_tail,pair_CORL_POBK
global_stable_tail,pair_CORL_REBL
global_stable_tail,pair_CORL_SITH
global_stable_tail,pair_CORL_TECH
global_stable_tail,pair_CORL_WOOK
global_stable_tail,pair_DRC_HTTX
global_stable_tail,pair_DRC_JEDI
global_stable_tail,pair_DRC_KYBR
global_stable_tail,pair_DRC_MNDO
global_stable_tail,pair_DRC_NABO
global_stable_tail,pair_DRC_POBK
global_stable_tail,pair_DRC_REBL
global_stable_tail,pair_DRC_SITH
global_stable_tail,pair_DRC_TECH
global_stable_tail,pair_DRC_WOOK
global_stable_tail,pair_HTTX_JEDI
global_stable_tail,pair_HTTX_KYBR
global_stable_tail,pair_HTTX_MNDO
global_stable_tail,pair_HTTX_NABO
global_stable_tail,pair_HTTX_POBK
global_stable_tail,pair_HTTX_REBL
global_stable_tail,pair_HTTX_SITH
global_stable_tail,pair_HTTX_TECH
global_stable_tail,pair_HTTX_WOOK
global_stable_tail,pair_JEDI_KYBR
global_stable_tail,pair_JEDI_MNDO
global_stable_tail,pair_JEDI_NABO
global_stable_tail,pair_JEDI_POBK
global_stable_tail,pair_JEDI_REBL
global_stable_tail,pair_JEDI_SITH
global_stable_tail,pair_JEDI_TECH
global_stable_tail,pair_JEDI_WOOK
global_stable_tail,pair_KYBR_MNDO
global_stable_tail,pair_KYBR_NABO
global_stable_tail,pair_KYBR_POBK
global_stable_tail,pair_KYBR_REBL
global_stable_tail,pair_KYBR_SITH
global_stable_tail,pair_KYBR_TECH
global_stable_tail,pair_KYBR_WOOK
global_stable_tail,pair_MNDO_NABO
global_stable_tail,pair_MNDO_POBK
global_stable_tail,pair_MNDO_REBL
global_stable_tail,pair_MNDO_SITH
global_stable_tail,pair_MNDO_TECH
global_stable_tail,pair_MNDO_WOOK
global_stable_tail,pair_NABO_POBK
global_stable_tail,pair_NABO_REBL
global_stable_tail,pair_NABO_SITH
global_stable_tail,pair_NABO_TECH
global_stable_tail,pair_NABO_WOOK
global_stable_tail,pair_POBK_REBL
global_stable_tail,pair_POBK_SITH
global_stable_tail,pair_POBK_TECH
global_stable_tail,pair_POBK_WOOK
global_stable_tail,pair_REBL_SITH
global_stable_tail,pair_REBL_TECH
global_stable_tail,pair_REBL_WOOK
global_stable_tail,pair_SITH_TECH
global_stable_tail,pair_SITH_WOOK
global_stable_tail,pair_TECH_WOOK
global_stable_tail,primary_underlying
global_stable_tail,product_type
global_stable_tail,protection_barrier_pct
global_stable_tail,protection_buffer_pct
global_stable_tail,quoted_implied_vol
global_stable_tail,realized_vol_63d_max
global_stable_tail,realized_vol_63d_min
global_stable_tail,realized_vol_63d_range
global_stable_tail,realized_vol_63d_second_highest
global_stable_tail,realized_vol_63d_top2_spread
global_stable_tail,second_highest_realized_vol_underlying
global_stable_tail,second_highest_structural_vol_underlying
global_stable_tail,sector_concentration
global_stable_tail,sector_count
global_stable_tail,structural_base_vol_max
global_stable_tail,structural_base_vol_min
global_stable_tail,structural_base_vol_range
global_stable_tail,structural_base_vol_second_highest
global_stable_tail,structural_base_vol_top2_spread
global_stable_tail,structural_vol_dispersion_ratio
global_stable_tail,underlying_BSKR
global_stable_tail,underlying_CLNE
global_stable_tail,underlying_CORL
global_stable_tail,underlying_DRC
global_stable_tail,underlying_HTTX
global_stable_tail,underlying_JEDI
global_stable_tail,underlying_KYBR
global_stable_tail,underlying_MNDO
global_stable_tail,underlying_NABO
global_stable_tail,underlying_POBK
global_stable_tail,underlying_REBL
global_stable_tail,underlying_SITH
global_stable_tail,underlying_TECH
global_stable_tail,underlying_WOOK
global_stable_tail,worst_of_pressure
global_stable_tail,worst_of_realized_vol_63d_range
global_stable_tail,worst_of_realized_vol_top2_spread
global_stable_tail,worst_of_structural_base_vol_range
global_stable_tail,worst_of_structural_vol_top2_spread
global_stable_tail,worst_of_vol_pressure
global_tail_underlying,autocall_barrier_above_par_pct
global_tail_underlying,autocall_barrier_pct
global_tail_underlying,autocall_to_protection_ratio
global_tail_underlying,barrier_gap_pct
global_tail_underlying,basket_complexity_score
global_tail_underlying,basket_realized_vol_126d_max
global_tail_underlying,basket_realized_vol_21d_max
global_tail_underlying,basket_signature
global_tail_underlying,basket_size
global_tail_underlying,basket_type
global_tail_underlying,callable_maturity_months
global_tail_underlying,dominant_sector
global_tail_underlying,estimated_observation_count
global_tail_underlying,has_multiple_sectors
global_tail_underlying,highest_realized_vol_underlying
global_tail_underlying,highest_structural_vol_underlying
global_tail_underlying,highest_vol_sector
global_tail_underlying,is_daily_observation
global_tail_underlying,is_single_underlying
global_tail_underlying,is_worst_of
global_tail_underlying,lowest_realized_vol_underlying
global_tail_underlying,lowest_structural_vol_underlying
global_tail_underlying,no_call_fraction_of_maturity
global_tail_underlying,no_call_period_months
global_tail_underlying,nominal_maturity_bucket
global_tail_underlying,nominal_maturity_months
global_tail_underlying,observation_frequency_clean
global_tail_underlying,observation_interval_months
global_tail_underlying,pair_BSKR_CLNE
global_tail_underlying,pair_BSKR_CORL
global_tail_underlying,pair_BSKR_DRC
global_tail_underlying,pair_BSKR_HTTX
global_tail_underlying,pair_BSKR_JEDI
global_tail_underlying,pair_BSKR_KYBR
global_tail_underlying,pair_BSKR_MNDO
global_tail_underlying,pair_BSKR_NABO
global_tail_underlying,pair_BSKR_POBK
global_tail_underlying,pair_BSKR_REBL
global_tail_underlying,pair_BSKR_SITH
global_tail_underlying,pair_BSKR_TECH
global_tail_underlying,pair_BSKR_WOOK
global_tail_underlying,pair_CLNE_CORL
global_tail_underlying,pair_CLNE_DRC
global_tail_underlying,pair_CLNE_HTTX
global_tail_underlying,pair_CLNE_JEDI
global_tail_underlying,pair_CLNE_KYBR
global_tail_underlying,pair_CLNE_MNDO
global_tail_underlying,pair_CLNE_NABO
global_tail_underlying,pair_CLNE_POBK
global_tail_underlying,pair_CLNE_REBL
global_tail_underlying,pair_CLNE_SITH
global_tail_underlying,pair_CLNE_TECH
global_tail_underlying,pair_CLNE_WOOK
global_tail_underlying,pair_CORL_DRC
global_tail_underlying,pair_CORL_HTTX
global_tail_underlying,pair_CORL_JEDI
global_tail_underlying,pair_CORL_KYBR
global_tail_underlying,pair_CORL_MNDO
global_tail_underlying,pair_CORL_NABO
global_tail_underlying,pair_CORL_POBK
global_tail_underlying,pair_CORL_REBL
global_tail_underlying,pair_CORL_SITH
global_tail_underlying,pair_CORL_TECH
global_tail_underlying,pair_CORL_WOOK
global_tail_underlying,pair_DRC_HTTX
global_tail_underlying,pair_DRC_JEDI
global_tail_underlying,pair_DRC_KYBR
global_tail_underlying,pair_DRC_MNDO
global_tail_underlying,pair_DRC_NABO
global_tail_underlying,pair_DRC_POBK
global_tail_underlying,pair_DRC_REBL
global_tail_underlying,pair_DRC_SITH
global_tail_underlying,pair_DRC_TECH
global_tail_underlying,pair_DRC_WOOK
global_tail_underlying,pair_HTTX_JEDI
global_tail_underlying,pair_HTTX_KYBR
global_tail_underlying,pair_HTTX_MNDO
global_tail_underlying,pair_HTTX_NABO
global_tail_underlying,pair_HTTX_POBK
global_tail_underlying,pair_HTTX_REBL
global_tail_underlying,pair_HTTX_SITH
global_tail_underlying,pair_HTTX_TECH
global_tail_underlying,pair_HTTX_WOOK
global_tail_underlying,pair_JEDI_KYBR
global_tail_underlying,pair_JEDI_MNDO
global_tail_underlying,pair_JEDI_NABO
global_tail_underlying,pair_JEDI_POBK
global_tail_underlying,pair_JEDI_REBL
global_tail_underlying,pair_JEDI_SITH
global_tail_underlying,pair_JEDI_TECH
global_tail_underlying,pair_JEDI_WOOK
global_tail_underlying,pair_KYBR_MNDO
global_tail_underlying,pair_KYBR_NABO
global_tail_underlying,pair_KYBR_POBK
global_tail_underlying,pair_KYBR_REBL
global_tail_underlying,pair_KYBR_SITH
global_tail_underlying,pair_KYBR_TECH
global_tail_underlying,pair_KYBR_WOOK
global_tail_underlying,pair_MNDO_NABO
global_tail_underlying,pair_MNDO_POBK
global_tail_underlying,pair_MNDO_REBL
global_tail_underlying,pair_MNDO_SITH
global_tail_underlying,pair_MNDO_TECH
global_tail_underlying,pair_MNDO_WOOK
global_tail_underlying,pair_NABO_POBK
global_tail_underlying,pair_NABO_REBL
global_tail_underlying,pair_NABO_SITH
global_tail_underlying,pair_NABO_TECH
global_tail_underlying,pair_NABO_WOOK
global_tail_underlying,pair_POBK_REBL
global_tail_underlying,pair_POBK_SITH
global_tail_underlying,pair_POBK_TECH
global_tail_underlying,pair_POBK_WOOK
global_tail_underlying,pair_REBL_SITH
global_tail_underlying,pair_REBL_TECH
global_tail_underlying,pair_REBL_WOOK
global_tail_underlying,pair_SITH_TECH
global_tail_underlying,pair_SITH_WOOK
global_tail_underlying,pair_TECH_WOOK
global_tail_underlying,primary_underlying
global_tail_underlying,product_type
global_tail_underlying,protection_barrier_pct
global_tail_underlying,protection_buffer_pct
global_tail_underlying,quoted_implied_vol
global_tail_underlying,realized_vol_63d_max
global_tail_underlying,realized_vol_63d_min
global_tail_underlying,realized_vol_63d_range
global_tail_underlying,realized_vol_63d_second_highest
global_tail_underlying,realized_vol_63d_top2_spread
global_tail_underlying,second_highest_realized_vol_underlying
global_tail_underlying,second_highest_structural_vol_underlying
global_tail_underlying,sector_concentration
global_tail_underlying,sector_count
global_tail_underlying,structural_base_vol_max
global_tail_underlying,structural_base_vol_min
global_tail_underlying,structural_base_vol_range
global_tail_underlying,structural_base_vol_second_highest
global_tail_underlying,structural_base_vol_top2_spread
global_tail_underlying,structural_vol_dispersion_ratio
global_tail_underlying,underlying_BSKR
global_tail_underlying,underlying_CLNE
global_tail_underlying,underlying_CORL
global_tail_underlying,underlying_DRC
global_tail_underlying,underlying_HTTX
global_tail_underlying,underlying_JEDI
global_tail_underlying,underlying_KYBR
global_tail_underlying,underlying_MNDO
global_tail_underlying,underlying_NABO
global_tail_underlying,underlying_POBK
global_tail_underlying,underlying_REBL
global_tail_underlying,underlying_SITH
global_tail_underlying,underlying_TECH
global_tail_underlying,underlying_WOOK
global_tail_underlying,worst_of_pressure
global_tail_underlying,worst_of_realized_vol_63d_range
global_tail_underlying,worst_of_realized_vol_top2_spread
global_tail_underlying,worst_of_structural_base_vol_range
global_tail_underlying,worst_of_structural_vol_top2_spread
global_tail_underlying,worst_of_vol_pressure
market,basket_realized_vol_126d_max
market,basket_realized_vol_126d_mean
market,basket_realized_vol_21d_max
market,basket_realized_vol_21d_mean
market,basket_realized_vol_change_21d_max
market,basket_realized_vol_change_21d_mean
market,basket_realized_vol_trend_max
market,basket_realized_vol_trend_mean
market,basket_realized_vol_zscore_max
market,basket_realized_vol_zscore_mean
market,implied_minus_realized_vol_mean
market,quoted_implied_vol
market,quoted_minus_structural_vol_mean
market,quoted_to_realized_vol_ratio
market,quoted_to_structural_vol_ratio
market,realized_minus_structural_vol_mean
market,realized_to_structural_vol_ratio
market,realized_vol_63d_max
market,realized_vol_63d_mean
market,realized_vol_63d_min
market,realized_vol_63d_range
market,realized_vol_dispersion_ratio
product,basket_type
product,nominal_maturity_bucket
product,product_type
single_core,autocall_barrier_pct
single_core,barrier_gap_pct
single_core,basket_realized_vol_126d_mean
single_core,basket_realized_vol_21d_mean
single_core,basket_realized_vol_change_21d_mean
single_core,basket_realized_vol_trend_mean
single_core,basket_realized_vol_zscore_mean
single_core,callable_maturity_months
single_core,dominant_sector
single_core,estimated_observation_count
single_core,is_daily_observation
single_core,no_call_fraction_of_maturity
single_core,no_call_period_months
single_core,nominal_maturity_bucket
single_core,nominal_maturity_months
single_core,observation_frequency_clean
single_core,observation_interval_months
single_core,post_no_call_observation_count
single_core,product_type
single_core,protection_barrier_pct
single_core,quoted_implied_vol
single_core,realized_vol_63d_mean
single_core,requested_year
single_core,structural_base_vol_mean
single_stable,autocall_barrier_pct
single_stable,barrier_gap_pct
single_stable,basket_realized_vol_126d_mean
single_stable,basket_realized_vol_21d_mean
single_stable,callable_maturity_months
single_stable,dominant_sector
single_stable,estimated_observation_count
single_stable,is_daily_observation
single_stable,no_call_fraction_of_maturity
single_stable,no_call_period_months
single_stable,nominal_maturity_bucket
single_stable,nominal_maturity_months
single_stable,observation_frequency_clean
single_stable,observation_interval_months
single_stable,product_type
single_stable,protection_barrier_pct
single_stable,quoted_implied_vol
single_stable,realized_vol_63d_mean
single_stable,structural_base_vol_mean
single_underlying,autocall_barrier_pct
single_underlying,barrier_gap_pct
single_underlying,basket_realized_vol_126d_mean
single_underlying,basket_realized_vol_21d_mean
single_underlying,callable_maturity_months
single_underlying,dominant_sector
single_underlying,estimated_observation_count
single_underlying,is_daily_observation
single_underlying,no_call_fraction_of_maturity
single_underlying,no_call_period_months
single_underlying,nominal_maturity_bucket
single_underlying,nominal_maturity_months
single_underlying,observation_frequency_clean
single_underlying,observation_interval_months
single_underlying,primary_underlying
single_underlying,product_type
single_underlying,protection_barrier_pct
single_underlying,quoted_implied_vol
single_underlying,realized_vol_63d_mean
single_underlying,structural_base_vol_mean
single_underlying_no_sector,autocall_barrier_pct
single_underlying_no_sector,barrier_gap_pct
single_underlying_no_sector,basket_realized_vol_126d_mean
single_underlying_no_sector,basket_realized_vol_21d_mean
single_underlying_no_sector,callable_maturity_months
single_underlying_no_sector,estimated_observation_count
single_underlying_no_sector,is_daily_observation
single_underlying_no_sector,no_call_fraction_of_maturity
single_underlying_no_sector,no_call_period_months
single_underlying_no_sector,nominal_maturity_bucket
single_underlying_no_sector,nominal_maturity_months
single_underlying_no_sector,observation_frequency_clean
single_underlying_no_sector,observation_interval_months
single_underlying_no_sector,primary_underlying
single_underlying_no_sector,product_type
single_underlying_no_sector,protection_barrier_pct
single_underlying_no_sector,quoted_implied_vol
single_underlying_no_sector,realized_vol_63d_mean
single_underlying_no_sector,structural_base_vol_mean
single_without_noise,autocall_barrier_pct
single_without_noise,barrier_gap_pct
single_without_noise,basket_realized_vol_126d_mean
single_without_noise,basket_realized_vol_21d_mean
single_without_noise,basket_realized_vol_trend_mean
single_without_noise,callable_maturity_months
single_without_noise,dominant_sector
single_without_noise,estimated_observation_count
single_without_noise,is_daily_observation
single_without_noise,no_call_fraction_of_maturity
single_without_noise,no_call_period_months
single_without_noise,nominal_maturity_bucket
single_without_noise,nominal_maturity_months
single_without_noise,observation_frequency_clean
single_without_noise,observation_interval_months
single_without_noise,product_type
single_without_noise,protection_barrier_pct
single_without_noise,quoted_implied_vol
single_without_noise,realized_vol_63d_mean
single_without_noise,structural_base_vol_mean
worst_of_core,autocall_barrier_pct
worst_of_core,barrier_gap_pct
worst_of_core,basket_complexity_score
worst_of_core,basket_realized_vol_126d_max
worst_of_core,basket_realized_vol_126d_mean
worst_of_core,basket_realized_vol_21d_max
worst_of_core,basket_realized_vol_21d_mean
worst_of_core,basket_realized_vol_trend_max
worst_of_core,basket_realized_vol_trend_mean
worst_of_core,basket_realized_vol_zscore_max
worst_of_core,basket_realized_vol_zscore_mean
worst_of_core,basket_signature
worst_of_core,basket_size
worst_of_core,basket_type
worst_of_core,callable_maturity_months
worst_of_core,dominant_sector
worst_of_core,estimated_observation_count
worst_of_core,has_multiple_sectors
worst_of_core,highest_realized_vol_underlying
worst_of_core,highest_structural_vol_underlying
worst_of_core,highest_vol_sector
worst_of_core,implied_minus_realized_vol_mean
worst_of_core,is_daily_observation
worst_of_core,lowest_realized_vol_underlying
worst_of_core,lowest_structural_vol_underlying
worst_of_core,no_call_fraction_of_maturity
worst_of_core,no_call_period_months
worst_of_core,nominal_maturity_bucket
worst_of_core,nominal_maturity_months
worst_of_core,observation_frequency_clean
worst_of_core,observation_interval_months
worst_of_core,pair_BSKR_CLNE
worst_of_core,pair_BSKR_CORL
worst_of_core,pair_BSKR_DRC
worst_of_core,pair_BSKR_HTTX
worst_of_core,pair_BSKR_JEDI
worst_of_core,pair_BSKR_KYBR
worst_of_core,pair_BSKR_MNDO
worst_of_core,pair_BSKR_NABO
worst_of_core,pair_BSKR_POBK
worst_of_core,pair_BSKR_REBL
worst_of_core,pair_BSKR_SITH
worst_of_core,pair_BSKR_TECH
worst_of_core,pair_BSKR_WOOK
worst_of_core,pair_CLNE_CORL
worst_of_core,pair_CLNE_DRC
worst_of_core,pair_CLNE_HTTX
worst_of_core,pair_CLNE_JEDI
worst_of_core,pair_CLNE_KYBR
worst_of_core,pair_CLNE_MNDO
worst_of_core,pair_CLNE_NABO
worst_of_core,pair_CLNE_POBK
worst_of_core,pair_CLNE_REBL
worst_of_core,pair_CLNE_SITH
worst_of_core,pair_CLNE_TECH
worst_of_core,pair_CLNE_WOOK
worst_of_core,pair_CORL_DRC
worst_of_core,pair_CORL_HTTX
worst_of_core,pair_CORL_JEDI
worst_of_core,pair_CORL_KYBR
worst_of_core,pair_CORL_MNDO
worst_of_core,pair_CORL_NABO
worst_of_core,pair_CORL_POBK
worst_of_core,pair_CORL_REBL
worst_of_core,pair_CORL_SITH
worst_of_core,pair_CORL_TECH
worst_of_core,pair_CORL_WOOK
worst_of_core,pair_DRC_HTTX
worst_of_core,pair_DRC_JEDI
worst_of_core,pair_DRC_KYBR
worst_of_core,pair_DRC_MNDO
worst_of_core,pair_DRC_NABO
worst_of_core,pair_DRC_POBK
worst_of_core,pair_DRC_REBL
worst_of_core,pair_DRC_SITH
worst_of_core,pair_DRC_TECH
worst_of_core,pair_DRC_WOOK
worst_of_core,pair_HTTX_JEDI
worst_of_core,pair_HTTX_KYBR
worst_of_core,pair_HTTX_MNDO
worst_of_core,pair_HTTX_NABO
worst_of_core,pair_HTTX_POBK
worst_of_core,pair_HTTX_REBL
worst_of_core,pair_HTTX_SITH
worst_of_core,pair_HTTX_TECH
worst_of_core,pair_HTTX_WOOK
worst_of_core,pair_JEDI_KYBR
worst_of_core,pair_JEDI_MNDO
worst_of_core,pair_JEDI_NABO
worst_of_core,pair_JEDI_POBK
worst_of_core,pair_JEDI_REBL
worst_of_core,pair_JEDI_SITH
worst_of_core,pair_JEDI_TECH
worst_of_core,pair_JEDI_WOOK
worst_of_core,pair_KYBR_MNDO
worst_of_core,pair_KYBR_NABO
worst_of_core,pair_KYBR_POBK
worst_of_core,pair_KYBR_REBL
worst_of_core,pair_KYBR_SITH
worst_of_core,pair_KYBR_TECH
worst_of_core,pair_KYBR_WOOK
worst_of_core,pair_MNDO_NABO
worst_of_core,pair_MNDO_POBK
worst_of_core,pair_MNDO_REBL
worst_of_core,pair_MNDO_SITH
worst_of_core,pair_MNDO_TECH
worst_of_core,pair_MNDO_WOOK
worst_of_core,pair_NABO_POBK
worst_of_core,pair_NABO_REBL
worst_of_core,pair_NABO_SITH
worst_of_core,pair_NABO_TECH
worst_of_core,pair_NABO_WOOK
worst_of_core,pair_POBK_REBL
worst_of_core,pair_POBK_SITH
worst_of_core,pair_POBK_TECH
worst_of_core,pair_POBK_WOOK
worst_of_core,pair_REBL_SITH
worst_of_core,pair_REBL_TECH
worst_of_core,pair_REBL_WOOK
worst_of_core,pair_SITH_TECH
worst_of_core,pair_SITH_WOOK
worst_of_core,pair_TECH_WOOK
worst_of_core,post_no_call_observation_count
worst_of_core,product_type
worst_of_core,protection_barrier_pct
worst_of_core,quoted_implied_vol
worst_of_core,realized_to_structural_vol_ratio
worst_of_core,realized_vol_63d_max
worst_of_core,realized_vol_63d_mean
worst_of_core,realized_vol_63d_min
worst_of_core,realized_vol_63d_range
worst_of_core,realized_vol_63d_second_highest
worst_of_core,realized_vol_63d_top2_spread
worst_of_core,realized_vol_dispersion_ratio
worst_of_core,requested_year
worst_of_core,second_highest_realized_vol_underlying
worst_of_core,second_highest_structural_vol_underlying
worst_of_core,sector_concentration
worst_of_core,sector_count
worst_of_core,structural_base_vol_max
worst_of_core,structural_base_vol_mean
worst_of_core,structural_base_vol_min
worst_of_core,structural_base_vol_range
worst_of_core,structural_base_vol_second_highest
worst_of_core,structural_base_vol_top2_spread
worst_of_core,structural_vol_dispersion_ratio
worst_of_core,underlying_BSKR
worst_of_core,underlying_CLNE
worst_of_core,underlying_CORL
worst_of_core,underlying_DRC
worst_of_core,underlying_HTTX
worst_of_core,underlying_JEDI
worst_of_core,underlying_KYBR
worst_of_core,underlying_MNDO
worst_of_core,underlying_NABO
worst_of_core,underlying_POBK
worst_of_core,underlying_REBL
worst_of_core,underlying_SITH
worst_of_core,underlying_TECH
worst_of_core,underlying_WOOK
worst_of_core,worst_of_pressure
worst_of_core,worst_of_realized_vol_63d_range
worst_of_core,worst_of_realized_vol_top2_spread
worst_of_core,worst_of_structural_base_vol_range
worst_of_core,worst_of_structural_vol_top2_spread
worst_of_core,worst_of_vol_pressure
worst_of_risk_underlying,autocall_barrier_pct
worst_of_risk_underlying,barrier_gap_pct
worst_of_risk_underlying,basket_complexity_score
worst_of_risk_underlying,basket_realized_vol_126d_max
worst_of_risk_underlying,basket_realized_vol_126d_mean
worst_of_risk_underlying,basket_realized_vol_21d_max
worst_of_risk_underlying,basket_realized_vol_21d_mean
worst_of_risk_underlying,basket_signature
worst_of_risk_underlying,basket_size
worst_of_risk_underlying,basket_type
worst_of_risk_underlying,callable_maturity_months
worst_of_risk_underlying,dominant_sector
worst_of_risk_underlying,estimated_observation_count
worst_of_risk_underlying,has_multiple_sectors
worst_of_risk_underlying,highest_realized_vol_underlying
worst_of_risk_underlying,highest_structural_vol_underlying
worst_of_risk_underlying,highest_vol_sector
worst_of_risk_underlying,is_daily_observation
worst_of_risk_underlying,lowest_realized_vol_underlying
worst_of_risk_underlying,lowest_structural_vol_underlying
worst_of_risk_underlying,no_call_fraction_of_maturity
worst_of_risk_underlying,no_call_period_months
worst_of_risk_underlying,nominal_maturity_bucket
worst_of_risk_underlying,nominal_maturity_months
worst_of_risk_underlying,observation_frequency_clean
worst_of_risk_underlying,observation_interval_months
worst_of_risk_underlying,pair_BSKR_CLNE
worst_of_risk_underlying,pair_BSKR_CORL
worst_of_risk_underlying,pair_BSKR_DRC
worst_of_risk_underlying,pair_BSKR_HTTX
worst_of_risk_underlying,pair_BSKR_JEDI
worst_of_risk_underlying,pair_BSKR_KYBR
worst_of_risk_underlying,pair_BSKR_MNDO
worst_of_risk_underlying,pair_BSKR_NABO
worst_of_risk_underlying,pair_BSKR_POBK
worst_of_risk_underlying,pair_BSKR_REBL
worst_of_risk_underlying,pair_BSKR_SITH
worst_of_risk_underlying,pair_BSKR_TECH
worst_of_risk_underlying,pair_BSKR_WOOK
worst_of_risk_underlying,pair_CLNE_CORL
worst_of_risk_underlying,pair_CLNE_DRC
worst_of_risk_underlying,pair_CLNE_HTTX
worst_of_risk_underlying,pair_CLNE_JEDI
worst_of_risk_underlying,pair_CLNE_KYBR
worst_of_risk_underlying,pair_CLNE_MNDO
worst_of_risk_underlying,pair_CLNE_NABO
worst_of_risk_underlying,pair_CLNE_POBK
worst_of_risk_underlying,pair_CLNE_REBL
worst_of_risk_underlying,pair_CLNE_SITH
worst_of_risk_underlying,pair_CLNE_TECH
worst_of_risk_underlying,pair_CLNE_WOOK
worst_of_risk_underlying,pair_CORL_DRC
worst_of_risk_underlying,pair_CORL_HTTX
worst_of_risk_underlying,pair_CORL_JEDI
worst_of_risk_underlying,pair_CORL_KYBR
worst_of_risk_underlying,pair_CORL_MNDO
worst_of_risk_underlying,pair_CORL_NABO
worst_of_risk_underlying,pair_CORL_POBK
worst_of_risk_underlying,pair_CORL_REBL
worst_of_risk_underlying,pair_CORL_SITH
worst_of_risk_underlying,pair_CORL_TECH
worst_of_risk_underlying,pair_CORL_WOOK
worst_of_risk_underlying,pair_DRC_HTTX
worst_of_risk_underlying,pair_DRC_JEDI
worst_of_risk_underlying,pair_DRC_KYBR
worst_of_risk_underlying,pair_DRC_MNDO
worst_of_risk_underlying,pair_DRC_NABO
worst_of_risk_underlying,pair_DRC_POBK
worst_of_risk_underlying,pair_DRC_REBL
worst_of_risk_underlying,pair_DRC_SITH
worst_of_risk_underlying,pair_DRC_TECH
worst_of_risk_underlying,pair_DRC_WOOK
worst_of_risk_underlying,pair_HTTX_JEDI
worst_of_risk_underlying,pair_HTTX_KYBR
worst_of_risk_underlying,pair_HTTX_MNDO
worst_of_risk_underlying,pair_HTTX_NABO
worst_of_risk_underlying,pair_HTTX_POBK
worst_of_risk_underlying,pair_HTTX_REBL
worst_of_risk_underlying,pair_HTTX_SITH
worst_of_risk_underlying,pair_HTTX_TECH
worst_of_risk_underlying,pair_HTTX_WOOK
worst_of_risk_underlying,pair_JEDI_KYBR
worst_of_risk_underlying,pair_JEDI_MNDO
worst_of_risk_underlying,pair_JEDI_NABO
worst_of_risk_underlying,pair_JEDI_POBK
worst_of_risk_underlying,pair_JEDI_REBL
worst_of_risk_underlying,pair_JEDI_SITH
worst_of_risk_underlying,pair_JEDI_TECH
worst_of_risk_underlying,pair_JEDI_WOOK
worst_of_risk_underlying,pair_KYBR_MNDO
worst_of_risk_underlying,pair_KYBR_NABO
worst_of_risk_underlying,pair_KYBR_POBK
worst_of_risk_underlying,pair_KYBR_REBL
worst_of_risk_underlying,pair_KYBR_SITH
worst_of_risk_underlying,pair_KYBR_TECH
worst_of_risk_underlying,pair_KYBR_WOOK
worst_of_risk_underlying,pair_MNDO_NABO
worst_of_risk_underlying,pair_MNDO_POBK
worst_of_risk_underlying,pair_MNDO_REBL
worst_of_risk_underlying,pair_MNDO_SITH
worst_of_risk_underlying,pair_MNDO_TECH
worst_of_risk_underlying,pair_MNDO_WOOK
worst_of_risk_underlying,pair_NABO_POBK
worst_of_risk_underlying,pair_NABO_REBL
worst_of_risk_underlying,pair_NABO_SITH
worst_of_risk_underlying,pair_NABO_TECH
worst_of_risk_underlying,pair_NABO_WOOK
worst_of_risk_underlying,pair_POBK_REBL
worst_of_risk_underlying,pair_POBK_SITH
worst_of_risk_underlying,pair_POBK_TECH
worst_of_risk_underlying,pair_POBK_WOOK
worst_of_risk_underlying,pair_REBL_SITH
worst_of_risk_underlying,pair_REBL_TECH
worst_of_risk_underlying,pair_REBL_WOOK
worst_of_risk_underlying,pair_SITH_TECH
worst_of_risk_underlying,pair_SITH_WOOK
worst_of_risk_underlying,pair_TECH_WOOK
worst_of_risk_underlying,product_type
worst_of_risk_underlying,protection_barrier_pct
worst_of_risk_underlying,quoted_implied_vol
worst_of_risk_underlying,realized_vol_63d_max
worst_of_risk_underlying,realized_vol_63d_mean
worst_of_risk_underlying,realized_vol_63d_min
worst_of_risk_underlying,realized_vol_63d_range
worst_of_risk_underlying,realized_vol_63d_second_highest
worst_of_risk_underlying,realized_vol_63d_top2_spread
worst_of_risk_underlying,second_highest_realized_vol_underlying
worst_of_risk_underlying,second_highest_structural_vol_underlying
worst_of_risk_underlying,sector_concentration
worst_of_risk_underlying,sector_count
worst_of_risk_underlying,structural_base_vol_max
worst_of_risk_underlying,structural_base_vol_mean
worst_of_risk_underlying,structural_base_vol_min
worst_of_risk_underlying,structural_base_vol_range
worst_of_risk_underlying,structural_base_vol_second_highest
worst_of_risk_underlying,structural_base_vol_top2_spread
worst_of_risk_underlying,structural_vol_dispersion_ratio
worst_of_risk_underlying,underlying_BSKR
worst_of_risk_underlying,underlying_CLNE
worst_of_risk_underlying,underlying_CORL
worst_of_risk_underlying,underlying_DRC
worst_of_risk_underlying,underlying_HTTX
worst_of_risk_underlying,underlying_JEDI
worst_of_risk_underlying,underlying_KYBR
worst_of_risk_underlying,underlying_MNDO
worst_of_risk_underlying,underlying_NABO
worst_of_risk_underlying,underlying_POBK
worst_of_risk_underlying,underlying_REBL
worst_of_risk_underlying,underlying_SITH
worst_of_risk_underlying,underlying_TECH
worst_of_risk_underlying,underlying_WOOK
worst_of_risk_underlying,worst_of_pressure
worst_of_risk_underlying,worst_of_realized_vol_63d_range
worst_of_risk_underlying,worst_of_realized_vol_top2_spread
worst_of_risk_underlying,worst_of_structural_base_vol_range
worst_of_risk_underlying,worst_of_structural_vol_top2_spread
worst_of_risk_underlying,worst_of_vol_pressure
worst_of_stable,autocall_barrier_pct
worst_of_stable,barrier_gap_pct
worst_of_stable,basket_complexity_score
worst_of_stable,basket_realized_vol_126d_max
worst_of_stable,basket_realized_vol_126d_mean
worst_of_stable,basket_realized_vol_21d_max
worst_of_stable,basket_realized_vol_21d_mean
worst_of_stable,basket_signature
worst_of_stable,basket_size
worst_of_stable,basket_type
worst_of_stable,callable_maturity_months
worst_of_stable,dominant_sector
worst_of_stable,estimated_observation_count
worst_of_stable,has_multiple_sectors
worst_of_stable,highest_realized_vol_underlying
worst_of_stable,highest_structural_vol_underlying
worst_of_stable,highest_vol_sector
worst_of_stable,is_daily_observation
worst_of_stable,lowest_realized_vol_underlying
worst_of_stable,lowest_structural_vol_underlying
worst_of_stable,no_call_fraction_of_maturity
worst_of_stable,no_call_period_months
worst_of_stable,nominal_maturity_bucket
worst_of_stable,nominal_maturity_months
worst_of_stable,observation_frequency_clean
worst_of_stable,observation_interval_months
worst_of_stable,pair_BSKR_CLNE
worst_of_stable,pair_BSKR_CORL
worst_of_stable,pair_BSKR_DRC
worst_of_stable,pair_BSKR_HTTX
worst_of_stable,pair_BSKR_JEDI
worst_of_stable,pair_BSKR_KYBR
worst_of_stable,pair_BSKR_MNDO
worst_of_stable,pair_BSKR_NABO
worst_of_stable,pair_BSKR_POBK
worst_of_stable,pair_BSKR_REBL
worst_of_stable,pair_BSKR_SITH
worst_of_stable,pair_BSKR_TECH
worst_of_stable,pair_BSKR_WOOK
worst_of_stable,pair_CLNE_CORL
worst_of_stable,pair_CLNE_DRC
worst_of_stable,pair_CLNE_HTTX
worst_of_stable,pair_CLNE_JEDI
worst_of_stable,pair_CLNE_KYBR
worst_of_stable,pair_CLNE_MNDO
worst_of_stable,pair_CLNE_NABO
worst_of_stable,pair_CLNE_POBK
worst_of_stable,pair_CLNE_REBL
worst_of_stable,pair_CLNE_SITH
worst_of_stable,pair_CLNE_TECH
worst_of_stable,pair_CLNE_WOOK
worst_of_stable,pair_CORL_DRC
worst_of_stable,pair_CORL_HTTX
worst_of_stable,pair_CORL_JEDI
worst_of_stable,pair_CORL_KYBR
worst_of_stable,pair_CORL_MNDO
worst_of_stable,pair_CORL_NABO
worst_of_stable,pair_CORL_POBK
worst_of_stable,pair_CORL_REBL
worst_of_stable,pair_CORL_SITH
worst_of_stable,pair_CORL_TECH
worst_of_stable,pair_CORL_WOOK
worst_of_stable,pair_DRC_HTTX
worst_of_stable,pair_DRC_JEDI
worst_of_stable,pair_DRC_KYBR
worst_of_stable,pair_DRC_MNDO
worst_of_stable,pair_DRC_NABO
worst_of_stable,pair_DRC_POBK
worst_of_stable,pair_DRC_REBL
worst_of_stable,pair_DRC_SITH
worst_of_stable,pair_DRC_TECH
worst_of_stable,pair_DRC_WOOK
worst_of_stable,pair_HTTX_JEDI
worst_of_stable,pair_HTTX_KYBR
worst_of_stable,pair_HTTX_MNDO
worst_of_stable,pair_HTTX_NABO
worst_of_stable,pair_HTTX_POBK
worst_of_stable,pair_HTTX_REBL
worst_of_stable,pair_HTTX_SITH
worst_of_stable,pair_HTTX_TECH
worst_of_stable,pair_HTTX_WOOK
worst_of_stable,pair_JEDI_KYBR
worst_of_stable,pair_JEDI_MNDO
worst_of_stable,pair_JEDI_NABO
worst_of_stable,pair_JEDI_POBK
worst_of_stable,pair_JEDI_REBL
worst_of_stable,pair_JEDI_SITH
worst_of_stable,pair_JEDI_TECH
worst_of_stable,pair_JEDI_WOOK
worst_of_stable,pair_KYBR_MNDO
worst_of_stable,pair_KYBR_NABO
worst_of_stable,pair_KYBR_POBK
worst_of_stable,pair_KYBR_REBL
worst_of_stable,pair_KYBR_SITH
worst_of_stable,pair_KYBR_TECH
worst_of_stable,pair_KYBR_WOOK
worst_of_stable,pair_MNDO_NABO
worst_of_stable,pair_MNDO_POBK
worst_of_stable,pair_MNDO_REBL
worst_of_stable,pair_MNDO_SITH
worst_of_stable,pair_MNDO_TECH
worst_of_stable,pair_MNDO_WOOK
worst_of_stable,pair_NABO_POBK
worst_of_stable,pair_NABO_REBL
worst_of_stable,pair_NABO_SITH
worst_of_stable,pair_NABO_TECH
worst_of_stable,pair_NABO_WOOK
worst_of_stable,pair_POBK_REBL
worst_of_stable,pair_POBK_SITH
worst_of_stable,pair_POBK_TECH
worst_of_stable,pair_POBK_WOOK
worst_of_stable,pair_REBL_SITH
worst_of_stable,pair_REBL_TECH
worst_of_stable,pair_REBL_WOOK
worst_of_stable,pair_SITH_TECH
worst_of_stable,pair_SITH_WOOK
worst_of_stable,pair_TECH_WOOK
worst_of_stable,product_type
worst_of_stable,protection_barrier_pct
worst_of_stable,quoted_implied_vol
worst_of_stable,realized_vol_63d_max
worst_of_stable,realized_vol_63d_mean
worst_of_stable,realized_vol_63d_min
worst_of_stable,realized_vol_63d_range
worst_of_stable,realized_vol_63d_second_highest
worst_of_stable,realized_vol_63d_top2_spread
worst_of_stable,second_highest_realized_vol_underlying
worst_of_stable,second_highest_structural_vol_underlying
worst_of_stable,sector_concentration
worst_of_stable,sector_count
worst_of_stable,structural_base_vol_max
worst_of_stable,structural_base_vol_mean
worst_of_stable,structural_base_vol_min
worst_of_stable,structural_base_vol_range
worst_of_stable,structural_base_vol_second_highest
worst_of_stable,structural_base_vol_top2_spread
worst_of_stable,structural_vol_dispersion_ratio
worst_of_stable,underlying_BSKR
worst_of_stable,underlying_CLNE
worst_of_stable,underlying_CORL
worst_of_stable,underlying_DRC
worst_of_stable,underlying_HTTX
worst_of_stable,underlying_JEDI
worst_of_stable,underlying_KYBR
worst_of_stable,underlying_MNDO
worst_of_stable,underlying_NABO
worst_of_stable,underlying_POBK
worst_of_stable,underlying_REBL
worst_of_stable,underlying_SITH
worst_of_stable,underlying_TECH
worst_of_stable,underlying_WOOK
worst_of_stable,worst_of_pressure
worst_of_stable,worst_of_realized_vol_63d_range
worst_of_stable,worst_of_realized_vol_top2_spread
worst_of_stable,worst_of_structural_base_vol_range
worst_of_stable,worst_of_structural_vol_top2_spread
worst_of_stable,worst_of_vol_pressure
worst_of_tail_focus,autocall_barrier_pct
worst_of_tail_focus,barrier_gap_pct
worst_of_tail_focus,basket_complexity_score
worst_of_tail_focus,basket_realized_vol_126d_max
worst_of_tail_focus,basket_realized_vol_21d_max
worst_of_tail_focus,basket_signature
worst_of_tail_focus,basket_size
worst_of_tail_focus,basket_type
worst_of_tail_focus,callable_maturity_months
worst_of_tail_focus,dominant_sector
worst_of_tail_focus,estimated_observation_count
worst_of_tail_focus,has_multiple_sectors
worst_of_tail_focus,highest_realized_vol_underlying
worst_of_tail_focus,highest_structural_vol_underlying
worst_of_tail_focus,highest_vol_sector
worst_of_tail_focus,is_daily_observation
worst_of_tail_focus,lowest_realized_vol_underlying
worst_of_tail_focus,lowest_structural_vol_underlying
worst_of_tail_focus,no_call_fraction_of_maturity
worst_of_tail_focus,no_call_period_months
worst_of_tail_focus,nominal_maturity_bucket
worst_of_tail_focus,nominal_maturity_months
worst_of_tail_focus,observation_frequency_clean
worst_of_tail_focus,observation_interval_months
worst_of_tail_focus,pair_BSKR_CLNE
worst_of_tail_focus,pair_BSKR_CORL
worst_of_tail_focus,pair_BSKR_DRC
worst_of_tail_focus,pair_BSKR_HTTX
worst_of_tail_focus,pair_BSKR_JEDI
worst_of_tail_focus,pair_BSKR_KYBR
worst_of_tail_focus,pair_BSKR_MNDO
worst_of_tail_focus,pair_BSKR_NABO
worst_of_tail_focus,pair_BSKR_POBK
worst_of_tail_focus,pair_BSKR_REBL
worst_of_tail_focus,pair_BSKR_SITH
worst_of_tail_focus,pair_BSKR_TECH
worst_of_tail_focus,pair_BSKR_WOOK
worst_of_tail_focus,pair_CLNE_CORL
worst_of_tail_focus,pair_CLNE_DRC
worst_of_tail_focus,pair_CLNE_HTTX
worst_of_tail_focus,pair_CLNE_JEDI
worst_of_tail_focus,pair_CLNE_KYBR
worst_of_tail_focus,pair_CLNE_MNDO
worst_of_tail_focus,pair_CLNE_NABO
worst_of_tail_focus,pair_CLNE_POBK
worst_of_tail_focus,pair_CLNE_REBL
worst_of_tail_focus,pair_CLNE_SITH
worst_of_tail_focus,pair_CLNE_TECH
worst_of_tail_focus,pair_CLNE_WOOK
worst_of_tail_focus,pair_CORL_DRC
worst_of_tail_focus,pair_CORL_HTTX
worst_of_tail_focus,pair_CORL_JEDI
worst_of_tail_focus,pair_CORL_KYBR
worst_of_tail_focus,pair_CORL_MNDO
worst_of_tail_focus,pair_CORL_NABO
worst_of_tail_focus,pair_CORL_POBK
worst_of_tail_focus,pair_CORL_REBL
worst_of_tail_focus,pair_CORL_SITH
worst_of_tail_focus,pair_CORL_TECH
worst_of_tail_focus,pair_CORL_WOOK
worst_of_tail_focus,pair_DRC_HTTX
worst_of_tail_focus,pair_DRC_JEDI
worst_of_tail_focus,pair_DRC_KYBR
worst_of_tail_focus,pair_DRC_MNDO
worst_of_tail_focus,pair_DRC_NABO
worst_of_tail_focus,pair_DRC_POBK
worst_of_tail_focus,pair_DRC_REBL
worst_of_tail_focus,pair_DRC_SITH
worst_of_tail_focus,pair_DRC_TECH
worst_of_tail_focus,pair_DRC_WOOK
worst_of_tail_focus,pair_HTTX_JEDI
worst_of_tail_focus,pair_HTTX_KYBR
worst_of_tail_focus,pair_HTTX_MNDO
worst_of_tail_focus,pair_HTTX_NABO
worst_of_tail_focus,pair_HTTX_POBK
worst_of_tail_focus,pair_HTTX_REBL
worst_of_tail_focus,pair_HTTX_SITH
worst_of_tail_focus,pair_HTTX_TECH
worst_of_tail_focus,pair_HTTX_WOOK
worst_of_tail_focus,pair_JEDI_KYBR
worst_of_tail_focus,pair_JEDI_MNDO
worst_of_tail_focus,pair_JEDI_NABO
worst_of_tail_focus,pair_JEDI_POBK
worst_of_tail_focus,pair_JEDI_REBL
worst_of_tail_focus,pair_JEDI_SITH
worst_of_tail_focus,pair_JEDI_TECH
worst_of_tail_focus,pair_JEDI_WOOK
worst_of_tail_focus,pair_KYBR_MNDO
worst_of_tail_focus,pair_KYBR_NABO
worst_of_tail_focus,pair_KYBR_POBK
worst_of_tail_focus,pair_KYBR_REBL
worst_of_tail_focus,pair_KYBR_SITH
worst_of_tail_focus,pair_KYBR_TECH
worst_of_tail_focus,pair_KYBR_WOOK
worst_of_tail_focus,pair_MNDO_NABO
worst_of_tail_focus,pair_MNDO_POBK
worst_of_tail_focus,pair_MNDO_REBL
worst_of_tail_focus,pair_MNDO_SITH
worst_of_tail_focus,pair_MNDO_TECH
worst_of_tail_focus,pair_MNDO_WOOK
worst_of_tail_focus,pair_NABO_POBK
worst_of_tail_focus,pair_NABO_REBL
worst_of_tail_focus,pair_NABO_SITH
worst_of_tail_focus,pair_NABO_TECH
worst_of_tail_focus,pair_NABO_WOOK
worst_of_tail_focus,pair_POBK_REBL
worst_of_tail_focus,pair_POBK_SITH
worst_of_tail_focus,pair_POBK_TECH
worst_of_tail_focus,pair_POBK_WOOK
worst_of_tail_focus,pair_REBL_SITH
worst_of_tail_focus,pair_REBL_TECH
worst_of_tail_focus,pair_REBL_WOOK
worst_of_tail_focus,pair_SITH_TECH
worst_of_tail_focus,pair_SITH_WOOK
worst_of_tail_focus,pair_TECH_WOOK
worst_of_tail_focus,product_type
worst_of_tail_focus,protection_barrier_pct
worst_of_tail_focus,quoted_implied_vol
worst_of_tail_focus,realized_vol_63d_max
worst_of_tail_focus,realized_vol_63d_min
worst_of_tail_focus,realized_vol_63d_range
worst_of_tail_focus,realized_vol_63d_second_highest
worst_of_tail_focus,realized_vol_63d_top2_spread
worst_of_tail_focus,second_highest_realized_vol_underlying
worst_of_tail_focus,second_highest_structural_vol_underlying
worst_of_tail_focus,sector_concentration
worst_of_tail_focus,sector_count
worst_of_tail_focus,structural_base_vol_max
worst_of_tail_focus,structural_base_vol_min
worst_of_tail_focus,structural_base_vol_range
worst_of_tail_focus,structural_base_vol_second_highest
worst_of_tail_focus,structural_base_vol_top2_spread
worst_of_tail_focus,structural_vol_dispersion_ratio
worst_of_tail_focus,underlying_BSKR
worst_of_tail_focus,underlying_CLNE
worst_of_tail_focus,underlying_CORL
worst_of_tail_focus,underlying_DRC
worst_of_tail_focus,underlying_HTTX
worst_of_tail_focus,underlying_JEDI
worst_of_tail_focus,underlying_KYBR
worst_of_tail_focus,underlying_MNDO
worst_of_tail_focus,underlying_NABO
worst_of_tail_focus,underlying_POBK
worst_of_tail_focus,underlying_REBL
worst_of_tail_focus,underlying_SITH
worst_of_tail_focus,underlying_TECH
worst_of_tail_focus,underlying_WOOK
worst_of_tail_focus,worst_of_pressure
worst_of_tail_focus,worst_of_realized_vol_63d_range
worst_of_tail_focus,worst_of_realized_vol_top2_spread
worst_of_tail_focus,worst_of_structural_base_vol_range
worst_of_tail_focus,worst_of_structural_vol_top2_spread
worst_of_tail_focus,worst_of_vol_pressure
worst_of_tail_underlying,autocall_barrier_pct
worst_of_tail_underlying,barrier_gap_pct
worst_of_tail_underlying,basket_complexity_score
worst_of_tail_underlying,basket_realized_vol_126d_max
worst_of_tail_underlying,basket_realized_vol_21d_max
worst_of_tail_underlying,basket_signature
worst_of_tail_underlying,basket_size
worst_of_tail_underlying,basket_type
worst_of_tail_underlying,callable_maturity_months
worst_of_tail_underlying,dominant_sector
worst_of_tail_underlying,estimated_observation_count
worst_of_tail_underlying,has_multiple_sectors
worst_of_tail_underlying,highest_realized_vol_underlying
worst_of_tail_underlying,highest_structural_vol_underlying
worst_of_tail_underlying,highest_vol_sector
worst_of_tail_underlying,is_daily_observation
worst_of_tail_underlying,lowest_realized_vol_underlying
worst_of_tail_underlying,lowest_structural_vol_underlying
worst_of_tail_underlying,no_call_fraction_of_maturity
worst_of_tail_underlying,no_call_period_months
worst_of_tail_underlying,nominal_maturity_bucket
worst_of_tail_underlying,nominal_maturity_months
worst_of_tail_underlying,observation_frequency_clean
worst_of_tail_underlying,observation_interval_months
worst_of_tail_underlying,pair_BSKR_CLNE
worst_of_tail_underlying,pair_BSKR_CORL
worst_of_tail_underlying,pair_BSKR_DRC
worst_of_tail_underlying,pair_BSKR_HTTX
worst_of_tail_underlying,pair_BSKR_JEDI
worst_of_tail_underlying,pair_BSKR_KYBR
worst_of_tail_underlying,pair_BSKR_MNDO
worst_of_tail_underlying,pair_BSKR_NABO
worst_of_tail_underlying,pair_BSKR_POBK
worst_of_tail_underlying,pair_BSKR_REBL
worst_of_tail_underlying,pair_BSKR_SITH
worst_of_tail_underlying,pair_BSKR_TECH
worst_of_tail_underlying,pair_BSKR_WOOK
worst_of_tail_underlying,pair_CLNE_CORL
worst_of_tail_underlying,pair_CLNE_DRC
worst_of_tail_underlying,pair_CLNE_HTTX
worst_of_tail_underlying,pair_CLNE_JEDI
worst_of_tail_underlying,pair_CLNE_KYBR
worst_of_tail_underlying,pair_CLNE_MNDO
worst_of_tail_underlying,pair_CLNE_NABO
worst_of_tail_underlying,pair_CLNE_POBK
worst_of_tail_underlying,pair_CLNE_REBL
worst_of_tail_underlying,pair_CLNE_SITH
worst_of_tail_underlying,pair_CLNE_TECH
worst_of_tail_underlying,pair_CLNE_WOOK
worst_of_tail_underlying,pair_CORL_DRC
worst_of_tail_underlying,pair_CORL_HTTX
worst_of_tail_underlying,pair_CORL_JEDI
worst_of_tail_underlying,pair_CORL_KYBR
worst_of_tail_underlying,pair_CORL_MNDO
worst_of_tail_underlying,pair_CORL_NABO
worst_of_tail_underlying,pair_CORL_POBK
worst_of_tail_underlying,pair_CORL_REBL
worst_of_tail_underlying,pair_CORL_SITH
worst_of_tail_underlying,pair_CORL_TECH
worst_of_tail_underlying,pair_CORL_WOOK
worst_of_tail_underlying,pair_DRC_HTTX
worst_of_tail_underlying,pair_DRC_JEDI
worst_of_tail_underlying,pair_DRC_KYBR
worst_of_tail_underlying,pair_DRC_MNDO
worst_of_tail_underlying,pair_DRC_NABO
worst_of_tail_underlying,pair_DRC_POBK
worst_of_tail_underlying,pair_DRC_REBL
worst_of_tail_underlying,pair_DRC_SITH
worst_of_tail_underlying,pair_DRC_TECH
worst_of_tail_underlying,pair_DRC_WOOK
worst_of_tail_underlying,pair_HTTX_JEDI
worst_of_tail_underlying,pair_HTTX_KYBR
worst_of_tail_underlying,pair_HTTX_MNDO
worst_of_tail_underlying,pair_HTTX_NABO
worst_of_tail_underlying,pair_HTTX_POBK
worst_of_tail_underlying,pair_HTTX_REBL
worst_of_tail_underlying,pair_HTTX_SITH
worst_of_tail_underlying,pair_HTTX_TECH
worst_of_tail_underlying,pair_HTTX_WOOK
worst_of_tail_underlying,pair_JEDI_KYBR
worst_of_tail_underlying,pair_JEDI_MNDO
worst_of_tail_underlying,pair_JEDI_NABO
worst_of_tail_underlying,pair_JEDI_POBK
worst_of_tail_underlying,pair_JEDI_REBL
worst_of_tail_underlying,pair_JEDI_SITH
worst_of_tail_underlying,pair_JEDI_TECH
worst_of_tail_underlying,pair_JEDI_WOOK
worst_of_tail_underlying,pair_KYBR_MNDO
worst_of_tail_underlying,pair_KYBR_NABO
worst_of_tail_underlying,pair_KYBR_POBK
worst_of_tail_underlying,pair_KYBR_REBL
worst_of_tail_underlying,pair_KYBR_SITH
worst_of_tail_underlying,pair_KYBR_TECH
worst_of_tail_underlying,pair_KYBR_WOOK
worst_of_tail_underlying,pair_MNDO_NABO
worst_of_tail_underlying,pair_MNDO_POBK
worst_of_tail_underlying,pair_MNDO_REBL
worst_of_tail_underlying,pair_MNDO_SITH
worst_of_tail_underlying,pair_MNDO_TECH
worst_of_tail_underlying,pair_MNDO_WOOK
worst_of_tail_underlying,pair_NABO_POBK
worst_of_tail_underlying,pair_NABO_REBL
worst_of_tail_underlying,pair_NABO_SITH
worst_of_tail_underlying,pair_NABO_TECH
worst_of_tail_underlying,pair_NABO_WOOK
worst_of_tail_underlying,pair_POBK_REBL
worst_of_tail_underlying,pair_POBK_SITH
worst_of_tail_underlying,pair_POBK_TECH
worst_of_tail_underlying,pair_POBK_WOOK
worst_of_tail_underlying,pair_REBL_SITH
worst_of_tail_underlying,pair_REBL_TECH
worst_of_tail_underlying,pair_REBL_WOOK
worst_of_tail_underlying,pair_SITH_TECH
worst_of_tail_underlying,pair_SITH_WOOK
worst_of_tail_underlying,pair_TECH_WOOK
worst_of_tail_underlying,product_type
worst_of_tail_underlying,protection_barrier_pct
worst_of_tail_underlying,quoted_implied_vol
worst_of_tail_underlying,realized_vol_63d_max
worst_of_tail_underlying,realized_vol_63d_min
worst_of_tail_underlying,realized_vol_63d_range
worst_of_tail_underlying,realized_vol_63d_second_highest
worst_of_tail_underlying,realized_vol_63d_top2_spread
worst_of_tail_underlying,second_highest_realized_vol_underlying
worst_of_tail_underlying,second_highest_structural_vol_underlying
worst_of_tail_underlying,sector_concentration
worst_of_tail_underlying,sector_count
worst_of_tail_underlying,structural_base_vol_max
worst_of_tail_underlying,structural_base_vol_min
worst_of_tail_underlying,structural_base_vol_range
worst_of_tail_underlying,structural_base_vol_second_highest
worst_of_tail_underlying,structural_base_vol_top2_spread
worst_of_tail_underlying,structural_vol_dispersion_ratio
worst_of_tail_underlying,underlying_BSKR
worst_of_tail_underlying,underlying_CLNE
worst_of_tail_underlying,underlying_CORL
worst_of_tail_underlying,underlying_DRC
worst_of_tail_underlying,underlying_HTTX
worst_of_tail_underlying,underlying_JEDI
worst_of_tail_underlying,underlying_KYBR
worst_of_tail_underlying,underlying_MNDO
worst_of_tail_underlying,underlying_NABO
worst_of_tail_underlying,underlying_POBK
worst_of_tail_underlying,underlying_REBL
worst_of_tail_underlying,underlying_SITH
worst_of_tail_underlying,underlying_TECH
worst_of_tail_underlying,underlying_WOOK
worst_of_tail_underlying,worst_of_pressure
worst_of_tail_underlying,worst_of_realized_vol_63d_range
worst_of_tail_underlying,worst_of_realized_vol_top2_spread
worst_of_tail_underlying,worst_of_structural_base_vol_range
worst_of_tail_underlying,worst_of_structural_vol_top2_spread
worst_of_tail_underlying,worst_of_vol_pressure
worst_of_without_noise,autocall_barrier_pct
worst_of_without_noise,barrier_gap_pct
worst_of_without_noise,basket_complexity_score
worst_of_without_noise,basket_realized_vol_126d_max
worst_of_without_noise,basket_realized_vol_126d_mean
worst_of_without_noise,basket_realized_vol_21d_max
worst_of_without_noise,basket_realized_vol_21d_mean
worst_of_without_noise,basket_realized_vol_trend_max
worst_of_without_noise,basket_realized_vol_trend_mean
worst_of_without_noise,basket_signature
worst_of_without_noise,basket_size
worst_of_without_noise,basket_type
worst_of_without_noise,callable_maturity_months
worst_of_without_noise,dominant_sector
worst_of_without_noise,estimated_observation_count
worst_of_without_noise,has_multiple_sectors
worst_of_without_noise,highest_realized_vol_underlying
worst_of_without_noise,highest_structural_vol_underlying
worst_of_without_noise,highest_vol_sector
worst_of_without_noise,is_daily_observation
worst_of_without_noise,lowest_realized_vol_underlying
worst_of_without_noise,lowest_structural_vol_underlying
worst_of_without_noise,no_call_fraction_of_maturity
worst_of_without_noise,no_call_period_months
worst_of_without_noise,nominal_maturity_bucket
worst_of_without_noise,nominal_maturity_months
worst_of_without_noise,observation_frequency_clean
worst_of_without_noise,observation_interval_months
worst_of_without_noise,pair_BSKR_CLNE
worst_of_without_noise,pair_BSKR_CORL
worst_of_without_noise,pair_BSKR_DRC
worst_of_without_noise,pair_BSKR_HTTX
worst_of_without_noise,pair_BSKR_JEDI
worst_of_without_noise,pair_BSKR_KYBR
worst_of_without_noise,pair_BSKR_MNDO
worst_of_without_noise,pair_BSKR_NABO
worst_of_without_noise,pair_BSKR_POBK
worst_of_without_noise,pair_BSKR_REBL
worst_of_without_noise,pair_BSKR_SITH
worst_of_without_noise,pair_BSKR_TECH
worst_of_without_noise,pair_BSKR_WOOK
worst_of_without_noise,pair_CLNE_CORL
worst_of_without_noise,pair_CLNE_DRC
worst_of_without_noise,pair_CLNE_HTTX
worst_of_without_noise,pair_CLNE_JEDI
worst_of_without_noise,pair_CLNE_KYBR
worst_of_without_noise,pair_CLNE_MNDO
worst_of_without_noise,pair_CLNE_NABO
worst_of_without_noise,pair_CLNE_POBK
worst_of_without_noise,pair_CLNE_REBL
worst_of_without_noise,pair_CLNE_SITH
worst_of_without_noise,pair_CLNE_TECH
worst_of_without_noise,pair_CLNE_WOOK
worst_of_without_noise,pair_CORL_DRC
worst_of_without_noise,pair_CORL_HTTX
worst_of_without_noise,pair_CORL_JEDI
worst_of_without_noise,pair_CORL_KYBR
worst_of_without_noise,pair_CORL_MNDO
worst_of_without_noise,pair_CORL_NABO
worst_of_without_noise,pair_CORL_POBK
worst_of_without_noise,pair_CORL_REBL
worst_of_without_noise,pair_CORL_SITH
worst_of_without_noise,pair_CORL_TECH
worst_of_without_noise,pair_CORL_WOOK
worst_of_without_noise,pair_DRC_HTTX
worst_of_without_noise,pair_DRC_JEDI
worst_of_without_noise,pair_DRC_KYBR
worst_of_without_noise,pair_DRC_MNDO
worst_of_without_noise,pair_DRC_NABO
worst_of_without_noise,pair_DRC_POBK
worst_of_without_noise,pair_DRC_REBL
worst_of_without_noise,pair_DRC_SITH
worst_of_without_noise,pair_DRC_TECH
worst_of_without_noise,pair_DRC_WOOK
worst_of_without_noise,pair_HTTX_JEDI
worst_of_without_noise,pair_HTTX_KYBR
worst_of_without_noise,pair_HTTX_MNDO
worst_of_without_noise,pair_HTTX_NABO
worst_of_without_noise,pair_HTTX_POBK
worst_of_without_noise,pair_HTTX_REBL
worst_of_without_noise,pair_HTTX_SITH
worst_of_without_noise,pair_HTTX_TECH
worst_of_without_noise,pair_HTTX_WOOK
worst_of_without_noise,pair_JEDI_KYBR
worst_of_without_noise,pair_JEDI_MNDO
worst_of_without_noise,pair_JEDI_NABO
worst_of_without_noise,pair_JEDI_POBK
worst_of_without_noise,pair_JEDI_REBL
worst_of_without_noise,pair_JEDI_SITH
worst_of_without_noise,pair_JEDI_TECH
worst_of_without_noise,pair_JEDI_WOOK
worst_of_without_noise,pair_KYBR_MNDO
worst_of_without_noise,pair_KYBR_NABO
worst_of_without_noise,pair_KYBR_POBK
worst_of_without_noise,pair_KYBR_REBL
worst_of_without_noise,pair_KYBR_SITH
worst_of_without_noise,pair_KYBR_TECH
worst_of_without_noise,pair_KYBR_WOOK
worst_of_without_noise,pair_MNDO_NABO
worst_of_without_noise,pair_MNDO_POBK
worst_of_without_noise,pair_MNDO_REBL
worst_of_without_noise,pair_MNDO_SITH
worst_of_without_noise,pair_MNDO_TECH
worst_of_without_noise,pair_MNDO_WOOK
worst_of_without_noise,pair_NABO_POBK
worst_of_without_noise,pair_NABO_REBL
worst_of_without_noise,pair_NABO_SITH
worst_of_without_noise,pair_NABO_TECH
worst_of_without_noise,pair_NABO_WOOK
worst_of_without_noise,pair_POBK_REBL
worst_of_without_noise,pair_POBK_SITH
worst_of_without_noise,pair_POBK_TECH
worst_of_without_noise,pair_POBK_WOOK
worst_of_without_noise,pair_REBL_SITH
worst_of_without_noise,pair_REBL_TECH
worst_of_without_noise,pair_REBL_WOOK
worst_of_without_noise,pair_SITH_TECH
worst_of_without_noise,pair_SITH_WOOK
worst_of_without_noise,pair_TECH_WOOK
worst_of_without_noise,product_type
worst_of_without_noise,protection_barrier_pct
worst_of_without_noise,quoted_implied_vol
worst_of_without_noise,realized_to_structural_vol_ratio
worst_of_without_noise,realized_vol_63d_max
worst_of_without_noise,realized_vol_63d_mean
worst_of_without_noise,realized_vol_63d_min
worst_of_without_noise,realized_vol_63d_range
worst_of_without_noise,realized_vol_63d_second_highest
worst_of_without_noise,realized_vol_63d_top2_spread
worst_of_without_noise,second_highest_realized_vol_underlying
worst_of_without_noise,second_highest_structural_vol_underlying
worst_of_without_noise,sector_concentration
worst_of_without_noise,sector_count
worst_of_without_noise,structural_base_vol_max
worst_of_without_noise,structural_base_vol_mean
worst_of_without_noise,structural_base_vol_min
worst_of_without_noise,structural_base_vol_range
worst_of_without_noise,structural_base_vol_second_highest
worst_of_without_noise,structural_base_vol_top2_spread
worst_of_without_noise,structural_vol_dispersion_ratio
worst_of_without_noise,underlying_BSKR
worst_of_without_noise,underlying_CLNE
worst_of_without_noise,underlying_CORL
worst_of_without_noise,underlying_DRC
worst_of_without_noise,underlying_HTTX
worst_of_without_noise,underlying_JEDI
worst_of_without_noise,underlying_KYBR
worst_of_without_noise,underlying_MNDO
worst_of_without_noise,underlying_NABO
worst_of_without_noise,underlying_POBK
worst_of_without_noise,underlying_REBL
worst_of_without_noise,underlying_SITH
worst_of_without_noise,underlying_TECH
worst_of_without_noise,underlying_WOOK
worst_of_without_noise,worst_of_pressure
worst_of_without_noise,worst_of_realized_vol_63d_range
worst_of_without_noise,worst_of_realized_vol_top2_spread
worst_of_without_noise,worst_of_structural_base_vol_range
worst_of_without_noise,worst_of_structural_vol_top2_spread
worst_of_without_noise,worst_of_vol_pressure
